#
# There is insufficient memory for the Java Runtime Environment to continue.
# Native memory allocation (malloc) failed to allocate 1062336 bytes. Error detail: Chunk::new
# Possible reasons:
#   The system is out of physical RAM or swap space
#   This process is running with CompressedOops enabled, and the Java Heap may be blocking the growth of the native heap
# Possible solutions:
#   Reduce memory load on the system
#   Increase physical memory or swap space
#   Check if swap backing store is full
#   Decrease Java heap size (-Xmx/-Xms)
#   Decrease number of Java threads
#   Decrease Java thread stack sizes (-Xss)
#   Set larger code cache with -XX:ReservedCodeCacheSize=
#   JVM is running with Zero Based Compressed Oops mode in which the Java heap is
#     placed in the first 32GB address space. The Java Heap base address is the
#     maximum limit for the native heap growth. Please use -XX:HeapBaseMinAddress
#     to set the Java Heap base and to place the Java Heap above 32GB virtual address.
# This output file may be truncated or incomplete.
#
#  Out of Memory Error (arena.cpp:168), pid=16852, tid=21012
#
# JRE version: OpenJDK Runtime Environment Temurin-21.0.9+10 (21.0.9+10) (build 21.0.9+10-LTS)
# Java VM: OpenJDK 64-Bit Server VM Temurin-21.0.9+10 (21.0.9+10-LTS, mixed mode, sharing, tiered, compressed oops, compressed class ptrs, g1 gc, windows-amd64)
# No core dump will be written. Minidumps are not enabled by default on client versions of Windows
#

---------------  S U M M A R Y ------------

Command Line: --add-opens=java.base/java.lang=ALL-UNNAMED --add-opens=java.base/java.lang.invoke=ALL-UNNAMED --add-opens=java.base/java.util=ALL-UNNAMED --add-opens=java.prefs/java.util.prefs=ALL-UNNAMED --add-exports=jdk.compiler/com.sun.tools.javac.api=ALL-UNNAMED --add-exports=jdk.compiler/com.sun.tools.javac.util=ALL-UNNAMED --add-opens=java.base/java.util=ALL-UNNAMED --add-opens=java.prefs/java.util.prefs=ALL-UNNAMED --add-opens=java.base/java.nio.charset=ALL-UNNAMED --add-opens=java.base/java.net=ALL-UNNAMED --add-opens=java.base/java.util.concurrent.atomic=ALL-UNNAMED --add-opens=java.xml/javax.xml.namespace=ALL-UNNAMED -XX:MaxMetaspaceSize=4G -XX:ReservedCodeCacheSize=512m -XX:+HeapDumpOnOutOfMemoryError -Xmx8G -Dfile.encoding=UTF-8 -Duser.country=US -Duser.language=en -Duser.variant -javaagent:C:\Users\Samir Khadka\.gradle\wrapper\dists\gradle-8.14-all\c2qonpi39x1mddn7hk5gh9iqj\gradle-8.14\lib\agents\gradle-instrumentation-agent-8.14.jar org.gradle.launcher.daemon.bootstrap.GradleDaemon 8.14

Host: 11th Gen Intel(R) Core(TM) i5-1135G7 @ 2.40GHz, 8 cores, 7G,  Windows 11 , 64 bit Build 26100 (10.0.26100.6725)
Time: Sat Dec 20 08:35:40 2025 Nepal Standard Time elapsed time: 3247.682991 seconds (0d 0h 54m 7s)

---------------  T H R E A D  ---------------

Current thread (0x0000027ded35bef0):  JavaThread "C2 CompilerThread0" daemon [_thread_in_native, id=21012, stack(0x000000918ff00000,0x0000009190000000) (1024K)]


Current CompileTask:
C2:3247683 29105 %     4       org.gradle.internal.instantiation.generator.AbstractClassGenerator::inspectType @ 77 (602 bytes)

Stack: [0x000000918ff00000,0x0000009190000000]
Native frames: (J=compiled Java code, j=interpreted, Vv=VM code, C=native code)
V  [jvm.dll+0x6d6e29]
V  [jvm.dll+0x8b4b76]
V  [jvm.dll+0x8b712e]
V  [jvm.dll+0x8b7813]
V  [jvm.dll+0x283d86]
V  [jvm.dll+0xc66ed]
V  [jvm.dll+0xc6c31]
V  [jvm.dll+0x2facee]
V  [jvm.dll+0x5fde44]
V  [jvm.dll+0x255557]
V  [jvm.dll+0x24db6a]
V  [jvm.dll+0x24b482]
V  [jvm.dll+0x1cb13e]
V  [jvm.dll+0x25b29d]
V  [jvm.dll+0x25982a]
V  [jvm.dll+0x3f7ea6]
V  [jvm.dll+0x85e9ad]
V  [jvm.dll+0x6d565d]
C  [ucrtbase.dll+0x37b0]
C  [KERNEL32.DLL+0x2e8d7]
C  [ntdll.dll+0x8c53c]


---------------  P R O C E S S  ---------------

Threads class SMR info:
_java_thread_list=0x0000027e4200e2f0, length=135, elements={
0x0000027ddfa3fc30, 0x0000027ded34e260, 0x0000027ded34f9d0, 0x0000027ded353c80,
0x0000027ded3550d0, 0x0000027ded355fb0, 0x0000027ded357720, 0x0000027ded35bef0,
0x0000027ded35f6b0, 0x0000027e352602f0, 0x0000027e35193580, 0x0000027e369e39a0,
0x0000027e35e9c520, 0x0000027e35243180, 0x0000027e36c45ab0, 0x0000027e36c46140,
0x0000027e36c44d90, 0x0000027e36c474f0, 0x0000027e355015e0, 0x0000027e354ffba0,
0x0000027e35501c70, 0x0000027e35500230, 0x0000027e35502300, 0x0000027e35502990,
0x0000027e35500f50, 0x0000027e35503d40, 0x0000027e35505e10, 0x0000027e355064a0,
0x0000027e37b065c0, 0x0000027e3540e990, 0x0000027e3540f020, 0x0000027e3aa89550,
0x0000027e37afefa0, 0x0000027e37b02420, 0x0000027e37b01700, 0x0000027e37b00350,
0x0000027e37aff630, 0x0000027e37b02ab0, 0x0000027e37b01d90, 0x0000027e37b009e0,
0x0000027e37b03140, 0x0000027e37affcc0, 0x0000027e37b037d0, 0x0000027e37b01070,
0x0000027e37b05210, 0x0000027e37b058a0, 0x0000027e37b04b80, 0x0000027e37b03e60,
0x0000027e37b044f0, 0x0000027e3b10bf40, 0x0000027e3b10c5d0, 0x0000027e3b10d2f0,
0x0000027e3b10d980, 0x0000027e3b10e6a0, 0x0000027e3b10e010, 0x0000027e3b10ed30,
0x0000027e3b10b8b0, 0x0000027e3b110e00, 0x0000027e3b1121b0, 0x0000027e3b10f3c0,
0x0000027e3b112ed0, 0x0000027e3b10fa50, 0x0000027e3b113560, 0x0000027e3b1100e0,
0x0000027e3b111490, 0x0000027e3b113bf0, 0x0000027e3b110770, 0x0000027e3b114fa0,
0x0000027e3b114280, 0x0000027e3b114910, 0x0000027e3b111b20, 0x0000027e3b117700,
0x0000027e3b118420, 0x0000027e3b115cc0, 0x0000027e3b115630, 0x0000027e3b116350,
0x0000027e3b118ab0, 0x0000027e3b1197d0, 0x0000027e3b119140, 0x0000027e3b119e60,
0x0000027e3b117070, 0x0000027e3b1169e0, 0x0000027e3b11a4f0, 0x0000027e3b11ab80,
0x0000027e421250d0, 0x0000027e42126480, 0x0000027e42127830, 0x0000027e421271a0,
0x0000027e42127ec0, 0x0000027e42124a40, 0x0000027e42125760, 0x0000027e42129f90,
0x0000027e42129270, 0x0000027e42128be0, 0x0000027e4212acb0, 0x0000027e42128550,
0x0000027e42129900, 0x0000027e4212a620, 0x0000027e4212b9d0, 0x0000027e4212c060,
0x0000027e3aa860d0, 0x0000027e3aa86760, 0x0000027e3aa86df0, 0x0000027e3aa8a900,
0x0000027e3aa881a0, 0x0000027e3aa89be0, 0x0000027e3aa87b10, 0x0000027e3aa8a270,
0x0000027e3aa87480, 0x0000027e3aa8af90, 0x0000027e3aa8bcb0, 0x0000027e3aa88830,
0x0000027e3aa8c340, 0x0000027e3aa8c9d0, 0x0000027e3aa8d060, 0x0000027e3aa8d6f0,
0x0000027e3a972520, 0x0000027e3a972bb0, 0x0000027e3a971e90, 0x0000027e3a973240,
0x0000027e3a970450, 0x0000027e3a9738d0, 0x0000027e3a971170, 0x0000027e3a971800,
0x0000027e3a970ae0, 0x0000027e3a976030, 0x0000027e3a9766c0, 0x0000027e3a976d50,
0x0000027e3a9773e0, 0x0000027e3a977a70, 0x0000027e3a9745f0, 0x0000027e3a975310,
0x0000027e3a208ef0, 0x0000027e3a2074b0, 0x0000027e3a209c10
}

Java Threads: ( => current thread )
  0x0000027ddfa3fc30 JavaThread "main"                              [_thread_blocked, id=7160, stack(0x000000918f100000,0x000000918f200000) (1024K)]
  0x0000027ded34e260 JavaThread "Reference Handler"          daemon [_thread_blocked, id=1508, stack(0x000000918f900000,0x000000918fa00000) (1024K)]
  0x0000027ded34f9d0 JavaThread "Finalizer"                  daemon [_thread_blocked, id=11076, stack(0x000000918fa00000,0x000000918fb00000) (1024K)]
  0x0000027ded353c80 JavaThread "Signal Dispatcher"          daemon [_thread_blocked, id=19912, stack(0x000000918fb00000,0x000000918fc00000) (1024K)]
  0x0000027ded3550d0 JavaThread "Attach Listener"            daemon [_thread_blocked, id=9848, stack(0x000000918fc00000,0x000000918fd00000) (1024K)]
  0x0000027ded355fb0 JavaThread "Service Thread"             daemon [_thread_blocked, id=11628, stack(0x000000918fd00000,0x000000918fe00000) (1024K)]
  0x0000027ded357720 JavaThread "Monitor Deflation Thread"   daemon [_thread_blocked, id=1188, stack(0x000000918fe00000,0x000000918ff00000) (1024K)]
=>0x0000027ded35bef0 JavaThread "C2 CompilerThread0"         daemon [_thread_in_native, id=21012, stack(0x000000918ff00000,0x0000009190000000) (1024K)]
  0x0000027ded35f6b0 JavaThread "C1 CompilerThread0"         daemon [_thread_blocked, id=9028, stack(0x0000009190000000,0x0000009190100000) (1024K)]
  0x0000027e352602f0 JavaThread "Common-Cleaner"             daemon [_thread_blocked, id=4700, stack(0x0000009190100000,0x0000009190200000) (1024K)]
  0x0000027e35193580 JavaThread "Notification Thread"        daemon [_thread_blocked, id=8220, stack(0x0000009190200000,0x0000009190300000) (1024K)]
  0x0000027e369e39a0 JavaThread "Daemon health stats"               [_thread_blocked, id=18796, stack(0x0000009190700000,0x0000009190800000) (1024K)]
  0x0000027e35e9c520 JavaThread "Incoming local TCP Connector on port 5869"        [_thread_in_native, id=7128, stack(0x0000009190b00000,0x0000009190c00000) (1024K)]
  0x0000027e35243180 JavaThread "Daemon periodic checks"            [_thread_blocked, id=8424, stack(0x0000009190d00000,0x0000009190e00000) (1024K)]
  0x0000027e36c45ab0 JavaThread "Cache worker for journal cache (C:\Users\Samir Khadka\.gradle\caches\journal-1)"        [_thread_blocked, id=10640, stack(0x0000009191400000,0x0000009191500000) (1024K)]
  0x0000027e36c46140 JavaThread "File lock request listener"        [_thread_in_native, id=4980, stack(0x0000009191500000,0x0000009191600000) (1024K)]
  0x0000027e36c44d90 JavaThread "Cache worker for file hash cache (C:\Users\Samir Khadka\.gradle\caches\8.14\fileHashes)"        [_thread_blocked, id=19356, stack(0x0000009191600000,0x0000009191700000) (1024K)]
  0x0000027e36c474f0 JavaThread "File watcher server"        daemon [_thread_in_native, id=9072, stack(0x0000009191700000,0x0000009191800000) (1024K)]
  0x0000027e355015e0 JavaThread "File watcher consumer"      daemon [_thread_blocked, id=22308, stack(0x0000009191b00000,0x0000009191c00000) (1024K)]
  0x0000027e354ffba0 JavaThread "jar transforms"                    [_thread_blocked, id=11336, stack(0x0000009191d00000,0x0000009191e00000) (1024K)]
  0x0000027e35501c70 JavaThread "jar transforms Thread 2"           [_thread_blocked, id=10552, stack(0x0000009191e00000,0x0000009191f00000) (1024K)]
  0x0000027e35500230 JavaThread "jar transforms Thread 3"           [_thread_blocked, id=20632, stack(0x0000009191f00000,0x0000009192000000) (1024K)]
  0x0000027e35502300 JavaThread "jar transforms Thread 4"           [_thread_blocked, id=8036, stack(0x0000009191c00000,0x0000009191d00000) (1024K)]
  0x0000027e35502990 JavaThread "jar transforms Thread 5"           [_thread_blocked, id=16096, stack(0x0000009192000000,0x0000009192100000) (1024K)]
  0x0000027e35500f50 JavaThread "Cache worker for file content cache (C:\Users\Samir Khadka\.gradle\caches\8.14\fileContent)"        [_thread_blocked, id=11128, stack(0x0000009192400000,0x0000009192500000) (1024K)]
  0x0000027e35503d40 JavaThread "jar transforms Thread 6"           [_thread_blocked, id=18448, stack(0x0000009192200000,0x0000009192300000) (1024K)]
  0x0000027e35505e10 JavaThread "jar transforms Thread 7"           [_thread_blocked, id=6660, stack(0x0000009192100000,0x0000009192200000) (1024K)]
  0x0000027e355064a0 JavaThread "jar transforms Thread 8"           [_thread_blocked, id=11732, stack(0x0000009192500000,0x0000009192600000) (1024K)]
  0x0000027e37b065c0 JavaThread "Memory manager"                    [_thread_blocked, id=16708, stack(0x0000009193e00000,0x0000009193f00000) (1024K)]
  0x0000027e3540e990 JavaThread "Daemon Thread 4"                   [_thread_blocked, id=6056, stack(0x000000918ee00000,0x000000918ef00000) (1024K)]
  0x0000027e3540f020 JavaThread "Daemon worker Thread 4"            [_thread_in_native, id=14168, stack(0x0000009190c00000,0x0000009190d00000) (1024K)]
  0x0000027e3aa89550 JavaThread "VFS cleanup Thread 4"              [_thread_blocked, id=21100, stack(0x0000009190e00000,0x0000009190f00000) (1024K)]
  0x0000027e37afefa0 JavaThread "Handler for socket connection from /127.0.0.1:5869 to /127.0.0.1:12038"        [_thread_in_native, id=14192, stack(0x000000918ef00000,0x000000918f000000) (1024K)]
  0x0000027e37b02420 JavaThread "Cancel handler"                    [_thread_blocked, id=10368, stack(0x000000918f000000,0x000000918f100000) (1024K)]
  0x0000027e37b01700 JavaThread "Asynchronous log dispatcher for DefaultDaemonConnection: socket connection from /127.0.0.1:5869 to /127.0.0.1:12038"        [_thread_blocked, id=20892, stack(0x0000009190f00000,0x0000009191000000) (1024K)]
  0x0000027e37b00350 JavaThread "Stdin handler"                     [_thread_blocked, id=21380, stack(0x0000009191000000,0x0000009191100000) (1024K)]
  0x0000027e37aff630 JavaThread "Daemon client event forwarder"        [_thread_blocked, id=5132, stack(0x0000009191100000,0x0000009191200000) (1024K)]
  0x0000027e37b02ab0 JavaThread "Cache worker for file hash cache (D:\Programs\communityshare\tool_sharing_app\android\.gradle\8.14\fileHashes)"        [_thread_blocked, id=1760, stack(0x0000009191200000,0x0000009191300000) (1024K)]
  0x0000027e37b01d90 JavaThread "Cache worker for Build Output Cleanup Cache (D:\Programs\communityshare\tool_sharing_app\android\.gradle\buildOutputCleanup)"        [_thread_blocked, id=19040, stack(0x0000009191300000,0x0000009191400000) (1024K)]
  0x0000027e37b009e0 JavaThread "Cache worker for checksums cache (D:\Programs\communityshare\tool_sharing_app\android\.gradle\8.14\checksums)"        [_thread_blocked, id=12972, stack(0x0000009191900000,0x0000009191a00000) (1024K)]
  0x0000027e37b03140 JavaThread "Cache worker for cache directory md-supplier (C:\Users\Samir Khadka\.gradle\caches\8.14\md-supplier)"        [_thread_blocked, id=7548, stack(0x0000009191a00000,0x0000009191b00000) (1024K)]
  0x0000027e37affcc0 JavaThread "Cache worker for cache directory md-rule (C:\Users\Samir Khadka\.gradle\caches\8.14\md-rule)"        [_thread_blocked, id=20364, stack(0x0000009192300000,0x0000009192400000) (1024K)]
  0x0000027e37b037d0 JavaThread "Cache worker for Build Output Cleanup Cache (C:\flutter\packages\flutter_tools\gradle\.gradle\buildOutputCleanup)"        [_thread_blocked, id=6872, stack(0x0000009192600000,0x0000009192700000) (1024K)]
  0x0000027e37b01070 JavaThread "Unconstrained build operations"        [_thread_blocked, id=18528, stack(0x0000009192700000,0x0000009192800000) (1024K)]
  0x0000027e37b05210 JavaThread "Unconstrained build operations Thread 2"        [_thread_blocked, id=14344, stack(0x0000009192800000,0x0000009192900000) (1024K)]
  0x0000027e37b058a0 JavaThread "Unconstrained build operations Thread 3"        [_thread_blocked, id=17328, stack(0x0000009192900000,0x0000009192a00000) (1024K)]
  0x0000027e37b04b80 JavaThread "Unconstrained build operations Thread 4"        [_thread_blocked, id=11272, stack(0x0000009192a00000,0x0000009192b00000) (1024K)]
  0x0000027e37b03e60 JavaThread "Unconstrained build operations Thread 5"        [_thread_blocked, id=7848, stack(0x0000009192b00000,0x0000009192c00000) (1024K)]
  0x0000027e37b044f0 JavaThread "Unconstrained build operations Thread 6"        [_thread_blocked, id=10788, stack(0x0000009192c00000,0x0000009192d00000) (1024K)]
  0x0000027e3b10bf40 JavaThread "Unconstrained build operations Thread 7"        [_thread_blocked, id=22052, stack(0x0000009192d00000,0x0000009192e00000) (1024K)]
  0x0000027e3b10c5d0 JavaThread "Unconstrained build operations Thread 8"        [_thread_blocked, id=6304, stack(0x0000009192e00000,0x0000009192f00000) (1024K)]
  0x0000027e3b10d2f0 JavaThread "Unconstrained build operations Thread 9"        [_thread_blocked, id=19084, stack(0x0000009192f00000,0x0000009193000000) (1024K)]
  0x0000027e3b10d980 JavaThread "Unconstrained build operations Thread 10"        [_thread_blocked, id=18924, stack(0x0000009193000000,0x0000009193100000) (1024K)]
  0x0000027e3b10e6a0 JavaThread "Unconstrained build operations Thread 11"        [_thread_blocked, id=15100, stack(0x0000009193100000,0x0000009193200000) (1024K)]
  0x0000027e3b10e010 JavaThread "Unconstrained build operations Thread 12"        [_thread_blocked, id=22248, stack(0x0000009193200000,0x0000009193300000) (1024K)]
  0x0000027e3b10ed30 JavaThread "Unconstrained build operations Thread 13"        [_thread_blocked, id=9436, stack(0x0000009193300000,0x0000009193400000) (1024K)]
  0x0000027e3b10b8b0 JavaThread "Unconstrained build operations Thread 14"        [_thread_blocked, id=22360, stack(0x0000009193400000,0x0000009193500000) (1024K)]
  0x0000027e3b110e00 JavaThread "build event listener"              [_thread_blocked, id=6732, stack(0x0000009193500000,0x0000009193600000) (1024K)]
  0x0000027e3b1121b0 JavaThread "included builds"                   [_thread_blocked, id=2860, stack(0x0000009193600000,0x0000009193700000) (1024K)]
  0x0000027e3b10f3c0 JavaThread "Execution worker"                  [_thread_blocked, id=8004, stack(0x0000009193800000,0x0000009193900000) (1024K)]
  0x0000027e3b112ed0 JavaThread "Execution worker Thread 2"         [_thread_blocked, id=8844, stack(0x0000009193900000,0x0000009193a00000) (1024K)]
  0x0000027e3b10fa50 JavaThread "Execution worker Thread 3"         [_thread_blocked, id=17780, stack(0x0000009193a00000,0x0000009193b00000) (1024K)]
  0x0000027e3b113560 JavaThread "Execution worker Thread 4"         [_thread_blocked, id=22188, stack(0x0000009193b00000,0x0000009193c00000) (1024K)]
  0x0000027e3b1100e0 JavaThread "Execution worker Thread 5"         [_thread_blocked, id=10232, stack(0x0000009193c00000,0x0000009193d00000) (1024K)]
  0x0000027e3b111490 JavaThread "Execution worker Thread 6"         [_thread_blocked, id=22172, stack(0x0000009193d00000,0x0000009193e00000) (1024K)]
  0x0000027e3b113bf0 JavaThread "Execution worker Thread 7"         [_thread_blocked, id=10024, stack(0x0000009193f00000,0x0000009194000000) (1024K)]
  0x0000027e3b110770 JavaThread "Cache worker for execution history cache (C:\flutter\packages\flutter_tools\gradle\.gradle\8.14\executionHistory)"        [_thread_blocked, id=13832, stack(0x0000009194000000,0x0000009194100000) (1024K)]
  0x0000027e3b114fa0 JavaThread "Unconstrained build operations Thread 15"        [_thread_blocked, id=15020, stack(0x0000009194100000,0x0000009194200000) (1024K)]
  0x0000027e3b114280 JavaThread "Unconstrained build operations Thread 16"        [_thread_blocked, id=17560, stack(0x0000009194200000,0x0000009194300000) (1024K)]
  0x0000027e3b114910 JavaThread "Unconstrained build operations Thread 17"        [_thread_blocked, id=7316, stack(0x0000009194300000,0x0000009194400000) (1024K)]
  0x0000027e3b111b20 JavaThread "Unconstrained build operations Thread 18"        [_thread_blocked, id=12976, stack(0x0000009194400000,0x0000009194500000) (1024K)]
  0x0000027e3b117700 JavaThread "Unconstrained build operations Thread 19"        [_thread_blocked, id=16348, stack(0x0000009194500000,0x0000009194600000) (1024K)]
  0x0000027e3b118420 JavaThread "Unconstrained build operations Thread 20"        [_thread_blocked, id=17736, stack(0x0000009194600000,0x0000009194700000) (1024K)]
  0x0000027e3b115cc0 JavaThread "Unconstrained build operations Thread 21"        [_thread_blocked, id=20436, stack(0x0000009194700000,0x0000009194800000) (1024K)]
  0x0000027e3b115630 JavaThread "Unconstrained build operations Thread 22"        [_thread_blocked, id=2728, stack(0x0000009194800000,0x0000009194900000) (1024K)]
  0x0000027e3b116350 JavaThread "Unconstrained build operations Thread 23"        [_thread_blocked, id=16764, stack(0x0000009194900000,0x0000009194a00000) (1024K)]
  0x0000027e3b118ab0 JavaThread "Unconstrained build operations Thread 24"        [_thread_blocked, id=21180, stack(0x0000009194a00000,0x0000009194b00000) (1024K)]
  0x0000027e3b1197d0 JavaThread "Unconstrained build operations Thread 25"        [_thread_blocked, id=652, stack(0x0000009194b00000,0x0000009194c00000) (1024K)]
  0x0000027e3b119140 JavaThread "Unconstrained build operations Thread 26"        [_thread_blocked, id=13044, stack(0x0000009194c00000,0x0000009194d00000) (1024K)]
  0x0000027e3b119e60 JavaThread "Unconstrained build operations Thread 27"        [_thread_blocked, id=18284, stack(0x0000009194d00000,0x0000009194e00000) (1024K)]
  0x0000027e3b117070 JavaThread "Unconstrained build operations Thread 28"        [_thread_blocked, id=12140, stack(0x0000009194e00000,0x0000009194f00000) (1024K)]
  0x0000027e3b1169e0 JavaThread "Unconstrained build operations Thread 29"        [_thread_blocked, id=18740, stack(0x0000009194f00000,0x0000009195000000) (1024K)]
  0x0000027e3b11a4f0 JavaThread "Unconstrained build operations Thread 30"        [_thread_blocked, id=17048, stack(0x0000009195000000,0x0000009195100000) (1024K)]
  0x0000027e3b11ab80 JavaThread "Unconstrained build operations Thread 31"        [_thread_blocked, id=13088, stack(0x0000009195100000,0x0000009195200000) (1024K)]
  0x0000027e421250d0 JavaThread "Unconstrained build operations Thread 32"        [_thread_blocked, id=15728, stack(0x0000009195200000,0x0000009195300000) (1024K)]
  0x0000027e42126480 JavaThread "Unconstrained build operations Thread 33"        [_thread_blocked, id=10448, stack(0x0000009195300000,0x0000009195400000) (1024K)]
  0x0000027e42127830 JavaThread "Unconstrained build operations Thread 34"        [_thread_blocked, id=20900, stack(0x0000009195400000,0x0000009195500000) (1024K)]
  0x0000027e421271a0 JavaThread "Unconstrained build operations Thread 35"        [_thread_blocked, id=19112, stack(0x0000009195500000,0x0000009195600000) (1024K)]
  0x0000027e42127ec0 JavaThread "Unconstrained build operations Thread 36"        [_thread_blocked, id=9396, stack(0x0000009195600000,0x0000009195700000) (1024K)]
  0x0000027e42124a40 JavaThread "Unconstrained build operations Thread 37"        [_thread_blocked, id=15552, stack(0x0000009195700000,0x0000009195800000) (1024K)]
  0x0000027e42125760 JavaThread "Unconstrained build operations Thread 38"        [_thread_blocked, id=10772, stack(0x0000009195800000,0x0000009195900000) (1024K)]
  0x0000027e42129f90 JavaThread "Unconstrained build operations Thread 39"        [_thread_blocked, id=13704, stack(0x0000009195900000,0x0000009195a00000) (1024K)]
  0x0000027e42129270 JavaThread "Unconstrained build operations Thread 40"        [_thread_blocked, id=17892, stack(0x0000009195a00000,0x0000009195b00000) (1024K)]
  0x0000027e42128be0 JavaThread "Unconstrained build operations Thread 41"        [_thread_blocked, id=12816, stack(0x0000009195b00000,0x0000009195c00000) (1024K)]
  0x0000027e4212acb0 JavaThread "Unconstrained build operations Thread 42"        [_thread_blocked, id=22104, stack(0x0000009195c00000,0x0000009195d00000) (1024K)]
  0x0000027e42128550 JavaThread "Unconstrained build operations Thread 43"        [_thread_blocked, id=15908, stack(0x0000009195d00000,0x0000009195e00000) (1024K)]
  0x0000027e42129900 JavaThread "Unconstrained build operations Thread 44"        [_thread_blocked, id=2668, stack(0x0000009195e00000,0x0000009195f00000) (1024K)]
  0x0000027e4212a620 JavaThread "build event listener"              [_thread_blocked, id=13460, stack(0x0000009195f00000,0x0000009196000000) (1024K)]
  0x0000027e4212b9d0 JavaThread "Unconstrained build operations Thread 45"        [_thread_blocked, id=13280, stack(0x0000009196200000,0x0000009196300000) (1024K)]
  0x0000027e4212c060 JavaThread "Unconstrained build operations Thread 46"        [_thread_blocked, id=8728, stack(0x0000009196300000,0x0000009196400000) (1024K)]
  0x0000027e3aa860d0 JavaThread "Unconstrained build operations Thread 47"        [_thread_blocked, id=9184, stack(0x0000009196400000,0x0000009196500000) (1024K)]
  0x0000027e3aa86760 JavaThread "Unconstrained build operations Thread 48"        [_thread_blocked, id=7876, stack(0x0000009196500000,0x0000009196600000) (1024K)]
  0x0000027e3aa86df0 JavaThread "Unconstrained build operations Thread 49"        [_thread_blocked, id=17300, stack(0x0000009196600000,0x0000009196700000) (1024K)]
  0x0000027e3aa8a900 JavaThread "Unconstrained build operations Thread 50"        [_thread_blocked, id=21792, stack(0x0000009196700000,0x0000009196800000) (1024K)]
  0x0000027e3aa881a0 JavaThread "Unconstrained build operations Thread 51"        [_thread_blocked, id=7872, stack(0x0000009196800000,0x0000009196900000) (1024K)]
  0x0000027e3aa89be0 JavaThread "Unconstrained build operations Thread 52"        [_thread_blocked, id=14076, stack(0x0000009196a00000,0x0000009196b00000) (1024K)]
  0x0000027e3aa87b10 JavaThread "Unconstrained build operations Thread 53"        [_thread_blocked, id=18748, stack(0x0000009196b00000,0x0000009196c00000) (1024K)]
  0x0000027e3aa8a270 JavaThread "Unconstrained build operations Thread 54"        [_thread_blocked, id=6456, stack(0x0000009196c00000,0x0000009196d00000) (1024K)]
  0x0000027e3aa87480 JavaThread "Unconstrained build operations Thread 55"        [_thread_blocked, id=3204, stack(0x0000009196d00000,0x0000009196e00000) (1024K)]
  0x0000027e3aa8af90 JavaThread "Unconstrained build operations Thread 56"        [_thread_blocked, id=7908, stack(0x0000009196e00000,0x0000009196f00000) (1024K)]
  0x0000027e3aa8bcb0 JavaThread "Unconstrained build operations Thread 57"        [_thread_blocked, id=16136, stack(0x0000009196f00000,0x0000009197000000) (1024K)]
  0x0000027e3aa88830 JavaThread "Unconstrained build operations Thread 58"        [_thread_blocked, id=20756, stack(0x0000009197000000,0x0000009197100000) (1024K)]
  0x0000027e3aa8c340 JavaThread "Problems report writer"            [_thread_blocked, id=5712, stack(0x0000009197100000,0x0000009197200000) (1024K)]
  0x0000027e3aa8c9d0 JavaThread "Unconstrained build operations Thread 59"        [_thread_blocked, id=3176, stack(0x0000009197200000,0x0000009197300000) (1024K)]
  0x0000027e3aa8d060 JavaThread "Unconstrained build operations Thread 60"        [_thread_blocked, id=17588, stack(0x0000009197300000,0x0000009197400000) (1024K)]
  0x0000027e3aa8d6f0 JavaThread "Unconstrained build operations Thread 61"        [_thread_blocked, id=10180, stack(0x0000009197400000,0x0000009197500000) (1024K)]
  0x0000027e3a972520 JavaThread "Unconstrained build operations Thread 62"        [_thread_blocked, id=13384, stack(0x0000009197500000,0x0000009197600000) (1024K)]
  0x0000027e3a972bb0 JavaThread "Unconstrained build operations Thread 63"        [_thread_blocked, id=1564, stack(0x0000009197600000,0x0000009197700000) (1024K)]
  0x0000027e3a971e90 JavaThread "Unconstrained build operations Thread 64"        [_thread_blocked, id=18212, stack(0x0000009197700000,0x0000009197800000) (1024K)]
  0x0000027e3a973240 JavaThread "Unconstrained build operations Thread 65"        [_thread_blocked, id=13188, stack(0x0000009197800000,0x0000009197900000) (1024K)]
  0x0000027e3a970450 JavaThread "Unconstrained build operations Thread 66"        [_thread_blocked, id=2892, stack(0x0000009197900000,0x0000009197a00000) (1024K)]
  0x0000027e3a9738d0 JavaThread "Unconstrained build operations Thread 67"        [_thread_blocked, id=18408, stack(0x0000009197a00000,0x0000009197b00000) (1024K)]
  0x0000027e3a971170 JavaThread "Unconstrained build operations Thread 68"        [_thread_blocked, id=6972, stack(0x0000009197b00000,0x0000009197c00000) (1024K)]
  0x0000027e3a971800 JavaThread "Unconstrained build operations Thread 69"        [_thread_blocked, id=16112, stack(0x0000009197c00000,0x0000009197d00000) (1024K)]
  0x0000027e3a970ae0 JavaThread "Unconstrained build operations Thread 70"        [_thread_blocked, id=13600, stack(0x0000009197d00000,0x0000009197e00000) (1024K)]
  0x0000027e3a976030 JavaThread "Unconstrained build operations Thread 71"        [_thread_blocked, id=1820, stack(0x0000009197e00000,0x0000009197f00000) (1024K)]
  0x0000027e3a9766c0 JavaThread "Unconstrained build operations Thread 72"        [_thread_blocked, id=2060, stack(0x0000009197f00000,0x0000009198000000) (1024K)]
  0x0000027e3a976d50 JavaThread "Unconstrained build operations Thread 73"        [_thread_blocked, id=20456, stack(0x0000009198000000,0x0000009198100000) (1024K)]
  0x0000027e3a9773e0 JavaThread "Unconstrained build operations Thread 74"        [_thread_blocked, id=20688, stack(0x0000009198100000,0x0000009198200000) (1024K)]
  0x0000027e3a977a70 JavaThread "Unconstrained build operations Thread 75"        [_thread_blocked, id=8608, stack(0x0000009198200000,0x0000009198300000) (1024K)]
  0x0000027e3a9745f0 JavaThread "Unconstrained build operations Thread 76"        [_thread_blocked, id=20460, stack(0x0000009198300000,0x0000009198400000) (1024K)]
  0x0000027e3a975310 JavaThread "Unconstrained build operations Thread 77"        [_thread_blocked, id=10996, stack(0x0000009198400000,0x0000009198500000) (1024K)]
  0x0000027e3a208ef0 JavaThread "Unconstrained build operations Thread 78"        [_thread_blocked, id=4240, stack(0x0000009198500000,0x0000009198600000) (1024K)]
  0x0000027e3a2074b0 JavaThread "Unconstrained build operations Thread 79"        [_thread_blocked, id=6544, stack(0x0000009198600000,0x0000009198700000) (1024K)]
  0x0000027e3a209c10 JavaThread "Unconstrained build operations Thread 80"        [_thread_blocked, id=19892, stack(0x0000009193700000,0x0000009193800000) (1024K)]
Total: 135

Other Threads:
  0x0000027ded3317f0 VMThread "VM Thread"                           [id=16880, stack(0x000000918f800000,0x000000918f900000) (1024K)]
  0x0000027ded31e0d0 WatcherThread "VM Periodic Task Thread"        [id=3896, stack(0x000000918f700000,0x000000918f800000) (1024K)]
  0x0000027ddfaec210 WorkerThread "GC Thread#0"                     [id=21424, stack(0x000000918f200000,0x000000918f300000) (1024K)]
  0x0000027e353172e0 WorkerThread "GC Thread#1"                     [id=19712, stack(0x0000009190300000,0x0000009190400000) (1024K)]
  0x0000027e3538fb60 WorkerThread "GC Thread#2"                     [id=18728, stack(0x0000009190400000,0x0000009190500000) (1024K)]
  0x0000027e35ea1e20 WorkerThread "GC Thread#3"                     [id=13608, stack(0x0000009190500000,0x0000009190600000) (1024K)]
  0x0000027e35c8b0e0 WorkerThread "GC Thread#4"                     [id=10620, stack(0x0000009190600000,0x0000009190700000) (1024K)]
  0x0000027e368d3a00 WorkerThread "GC Thread#5"                     [id=9620, stack(0x0000009190800000,0x0000009190900000) (1024K)]
  0x0000027e36912ee0 WorkerThread "GC Thread#6"                     [id=5028, stack(0x0000009190900000,0x0000009190a00000) (1024K)]
  0x0000027e36913280 WorkerThread "GC Thread#7"                     [id=16756, stack(0x0000009190a00000,0x0000009190b00000) (1024K)]
  0x0000027ddfafe620 ConcurrentGCThread "G1 Main Marker"            [id=10252, stack(0x000000918f300000,0x000000918f400000) (1024K)]
  0x0000027ded1a0080 WorkerThread "G1 Conc#0"                       [id=21116, stack(0x000000918f400000,0x000000918f500000) (1024K)]
  0x0000027e372db690 WorkerThread "G1 Conc#1"                       [id=1612, stack(0x0000009191800000,0x0000009191900000) (1024K)]
  0x0000027ded1eeee0 ConcurrentGCThread "G1 Refine#0"               [id=9280, stack(0x000000918f500000,0x000000918f600000) (1024K)]
  0x0000027ded1ef860 ConcurrentGCThread "G1 Service"                [id=2340, stack(0x000000918f600000,0x000000918f700000) (1024K)]
Total: 15

Threads with active compile tasks:
C2 CompilerThread0  3247721 29105 %     4       org.gradle.internal.instantiation.generator.AbstractClassGenerator::inspectType @ 77 (602 bytes)
Total: 1

VM state: not at safepoint (normal execution)

VM Mutex/Monitor currently owned by a thread: None

OutOfMemory and StackOverflow Exception counts:
StackOverflowErrors=1
LinkageErrors=319

Heap address: 0x0000000600000000, size: 8192 MB, Compressed Oops mode: Zero based, Oop shift amount: 3

CDS archive(s) mapped at: [0x0000027df0000000-0x0000027df0ba0000-0x0000027df0ba0000), size 12189696, SharedBaseAddress: 0x0000027df0000000, ArchiveRelocationMode: 1.
Compressed class space mapped at: 0x0000027df1000000-0x0000027e31000000, reserved size: 1073741824
Narrow klass base: 0x0000027df0000000, Narrow klass shift: 0, Narrow klass range: 0x100000000

GC Precious Log:
 CardTable entry size: 512
 Card Set container configuration: InlinePtr #cards 4 size 8 Array Of Cards #cards 32 size 80 Howl #buckets 8 coarsen threshold 7372 Howl Bitmap #cards 1024 size 144 coarsen threshold 921 Card regions per heap region 1 cards per card region 8192
 CPUs: 8 total, 8 available
 Memory: 7918M
 Large Page Support: Disabled
 NUMA Support: Disabled
 Compressed Oops: Enabled (Zero based)
 Heap Region Size: 4M
 Heap Min Capacity: 8M
 Heap Initial Capacity: 124M
 Heap Max Capacity: 8G
 Pre-touch: Disabled
 Parallel Workers: 8
 Concurrent Workers: 2
 Concurrent Refinement Workers: 8
 Periodic GC: Disabled

Heap:
 garbage-first heap   total 2162688K, used 365858K [0x0000000600000000, 0x0000000800000000)
  region size 4096K, 17 young (69632K), 5 survivors (20480K)
 Metaspace       used 134623K, committed 137792K, reserved 1179648K
  class space    used 18515K, committed 20032K, reserved 1048576K

Heap Regions: E=young(eden), S=young(survivor), O=old, HS=humongous(starts), HC=humongous(continues), CS=collection set, F=free, TAMS=top-at-mark-start, PB=parsable bottom
|   0|0x0000000600000000, 0x0000000600400000, 0x0000000600400000|100%|HS|  |TAMS 0x0000000600000000| PB 0x0000000600000000| Complete 
|   1|0x0000000600400000, 0x0000000600800000, 0x0000000600800000|100%| O|  |TAMS 0x0000000600400000| PB 0x0000000600400000| Untracked 
|   2|0x0000000600800000, 0x0000000600c00000, 0x0000000600c00000|100%| O|  |TAMS 0x0000000600800000| PB 0x0000000600800000| Untracked 
|   3|0x0000000600c00000, 0x0000000601000000, 0x0000000601000000|100%| O|  |TAMS 0x0000000600c00000| PB 0x0000000600c00000| Untracked 
|   4|0x0000000601000000, 0x0000000601400000, 0x0000000601400000|100%| O|  |TAMS 0x0000000601000000| PB 0x0000000601000000| Untracked 
|   5|0x0000000601400000, 0x0000000601800000, 0x0000000601800000|100%| O|  |TAMS 0x0000000601400000| PB 0x0000000601400000| Untracked 
|   6|0x0000000601800000, 0x0000000601c00000, 0x0000000601c00000|100%| O|  |TAMS 0x0000000601800000| PB 0x0000000601800000| Untracked 
|   7|0x0000000601c00000, 0x0000000602000000, 0x0000000602000000|100%| O|  |TAMS 0x0000000601c00000| PB 0x0000000601c00000| Untracked 
|   8|0x0000000602000000, 0x0000000602400000, 0x0000000602400000|100%| O|  |TAMS 0x0000000602000000| PB 0x0000000602000000| Untracked 
|   9|0x0000000602400000, 0x0000000602800000, 0x0000000602800000|100%| O|  |TAMS 0x0000000602400000| PB 0x0000000602400000| Untracked 
|  10|0x0000000602800000, 0x0000000602c00000, 0x0000000602c00000|100%| O|  |TAMS 0x0000000602800000| PB 0x0000000602800000| Untracked 
|  11|0x0000000602c00000, 0x0000000603000000, 0x0000000603000000|100%| O|  |TAMS 0x0000000602c00000| PB 0x0000000602c00000| Untracked 
|  12|0x0000000603000000, 0x0000000603400000, 0x0000000603400000|100%|HS|  |TAMS 0x0000000603000000| PB 0x0000000603000000| Complete 
|  13|0x0000000603400000, 0x0000000603800000, 0x0000000603800000|100%|HS|  |TAMS 0x0000000603400000| PB 0x0000000603400000| Complete 
|  14|0x0000000603800000, 0x0000000603c00000, 0x0000000603c00000|100%| O|  |TAMS 0x0000000603800000| PB 0x0000000603800000| Untracked 
|  15|0x0000000603c00000, 0x0000000604000000, 0x0000000604000000|100%| O|  |TAMS 0x0000000603c00000| PB 0x0000000603c00000| Untracked 
|  16|0x0000000604000000, 0x0000000604400000, 0x0000000604400000|100%| O|  |TAMS 0x0000000604000000| PB 0x0000000604000000| Untracked 
|  17|0x0000000604400000, 0x0000000604800000, 0x0000000604800000|100%| O|  |TAMS 0x0000000604400000| PB 0x0000000604400000| Untracked 
|  18|0x0000000604800000, 0x0000000604c00000, 0x0000000604c00000|100%| O|  |TAMS 0x0000000604800000| PB 0x0000000604800000| Untracked 
|  19|0x0000000604c00000, 0x0000000605000000, 0x0000000605000000|100%| O|  |TAMS 0x0000000604c00000| PB 0x0000000604c00000| Untracked 
|  20|0x0000000605000000, 0x0000000605400000, 0x0000000605400000|100%| O|  |TAMS 0x0000000605000000| PB 0x0000000605000000| Untracked 
|  21|0x0000000605400000, 0x0000000605800000, 0x0000000605800000|100%| O|  |TAMS 0x0000000605400000| PB 0x0000000605400000| Untracked 
|  22|0x0000000605800000, 0x0000000605c00000, 0x0000000605c00000|100%| O|  |TAMS 0x0000000605800000| PB 0x0000000605800000| Untracked 
|  23|0x0000000605c00000, 0x0000000606000000, 0x0000000606000000|100%| O|  |TAMS 0x0000000605c00000| PB 0x0000000605c00000| Untracked 
|  24|0x0000000606000000, 0x0000000606400000, 0x0000000606400000|100%| O|  |TAMS 0x0000000606000000| PB 0x0000000606000000| Untracked 
|  25|0x0000000606400000, 0x0000000606800000, 0x0000000606800000|100%| O|  |TAMS 0x0000000606400000| PB 0x0000000606400000| Untracked 
|  26|0x0000000606800000, 0x0000000606c00000, 0x0000000606c00000|100%| O|  |TAMS 0x0000000606800000| PB 0x0000000606800000| Untracked 
|  27|0x0000000606c00000, 0x0000000607000000, 0x0000000607000000|100%| O|  |TAMS 0x0000000606c00000| PB 0x0000000606c00000| Untracked 
|  28|0x0000000607000000, 0x0000000607400000, 0x0000000607400000|100%| O|  |TAMS 0x0000000607000000| PB 0x0000000607000000| Untracked 
|  29|0x0000000607400000, 0x0000000607800000, 0x0000000607800000|100%| O|  |TAMS 0x0000000607400000| PB 0x0000000607400000| Untracked 
|  30|0x0000000607800000, 0x0000000607c00000, 0x0000000607c00000|100%| O|  |TAMS 0x0000000607800000| PB 0x0000000607800000| Untracked 
|  31|0x0000000607c00000, 0x0000000608000000, 0x0000000608000000|100%| O|  |TAMS 0x0000000607c00000| PB 0x0000000607c00000| Untracked 
|  32|0x0000000608000000, 0x0000000608400000, 0x0000000608400000|100%| O|  |TAMS 0x0000000608000000| PB 0x0000000608000000| Untracked 
|  33|0x0000000608400000, 0x0000000608800000, 0x0000000608800000|100%| O|  |TAMS 0x0000000608400000| PB 0x0000000608400000| Untracked 
|  34|0x0000000608800000, 0x0000000608c00000, 0x0000000608c00000|100%| O|  |TAMS 0x0000000608800000| PB 0x0000000608800000| Untracked 
|  35|0x0000000608c00000, 0x0000000609000000, 0x0000000609000000|100%| O|  |TAMS 0x0000000608c00000| PB 0x0000000608c00000| Untracked 
|  36|0x0000000609000000, 0x0000000609400000, 0x0000000609400000|100%| O|  |TAMS 0x0000000609000000| PB 0x0000000609000000| Untracked 
|  37|0x0000000609400000, 0x0000000609800000, 0x0000000609800000|100%| O|  |TAMS 0x0000000609400000| PB 0x0000000609400000| Untracked 
|  38|0x0000000609800000, 0x0000000609c00000, 0x0000000609c00000|100%| O|  |TAMS 0x0000000609800000| PB 0x0000000609800000| Untracked 
|  39|0x0000000609c00000, 0x000000060a000000, 0x000000060a000000|100%| O|  |TAMS 0x0000000609c00000| PB 0x0000000609c00000| Untracked 
|  40|0x000000060a000000, 0x000000060a400000, 0x000000060a400000|100%| O|  |TAMS 0x000000060a000000| PB 0x000000060a000000| Untracked 
|  41|0x000000060a400000, 0x000000060a800000, 0x000000060a800000|100%| O|  |TAMS 0x000000060a400000| PB 0x000000060a400000| Untracked 
|  42|0x000000060a800000, 0x000000060ac00000, 0x000000060ac00000|100%| O|Cm|TAMS 0x000000060a800000| PB 0x000000060a800000| Complete 
|  43|0x000000060ac00000, 0x000000060b000000, 0x000000060b000000|100%| O|  |TAMS 0x000000060ac00000| PB 0x000000060ac00000| Untracked 
|  44|0x000000060b000000, 0x000000060b08f5b0, 0x000000060b400000| 13%| O|  |TAMS 0x000000060b000000| PB 0x000000060b000000| Untracked 
|  45|0x000000060b400000, 0x000000060b800000, 0x000000060b800000|100%| O|  |TAMS 0x000000060b400000| PB 0x000000060b400000| Untracked 
|  46|0x000000060b800000, 0x000000060bc00000, 0x000000060bc00000|100%| O|  |TAMS 0x000000060b800000| PB 0x000000060b800000| Untracked 
|  47|0x000000060bc00000, 0x000000060c000000, 0x000000060c000000|100%| O|  |TAMS 0x000000060bc00000| PB 0x000000060bc00000| Untracked 
|  48|0x000000060c000000, 0x000000060c400000, 0x000000060c400000|100%| O|  |TAMS 0x000000060c000000| PB 0x000000060c000000| Untracked 
|  49|0x000000060c400000, 0x000000060c800000, 0x000000060c800000|100%| O|  |TAMS 0x000000060c400000| PB 0x000000060c400000| Untracked 
|  50|0x000000060c800000, 0x000000060cc00000, 0x000000060cc00000|100%| O|  |TAMS 0x000000060c800000| PB 0x000000060c800000| Untracked 
|  51|0x000000060cc00000, 0x000000060d000000, 0x000000060d000000|100%| O|  |TAMS 0x000000060cc00000| PB 0x000000060cc00000| Untracked 
|  52|0x000000060d000000, 0x000000060d400000, 0x000000060d400000|100%| O|  |TAMS 0x000000060d000000| PB 0x000000060d000000| Untracked 
|  53|0x000000060d400000, 0x000000060d800000, 0x000000060d800000|100%| O|  |TAMS 0x000000060d400000| PB 0x000000060d400000| Untracked 
|  54|0x000000060d800000, 0x000000060dc00000, 0x000000060dc00000|100%| O|Cm|TAMS 0x000000060d800000| PB 0x000000060d800000| Complete 
|  55|0x000000060dc00000, 0x000000060e000000, 0x000000060e000000|100%| O|  |TAMS 0x000000060dc00000| PB 0x000000060dc00000| Untracked 
|  56|0x000000060e000000, 0x000000060e400000, 0x000000060e400000|100%| O|  |TAMS 0x000000060e000000| PB 0x000000060e000000| Untracked 
|  57|0x000000060e400000, 0x000000060e800000, 0x000000060e800000|100%| O|  |TAMS 0x000000060e400000| PB 0x000000060e400000| Untracked 
|  58|0x000000060e800000, 0x000000060ec00000, 0x000000060ec00000|100%| O|  |TAMS 0x000000060e800000| PB 0x000000060e800000| Untracked 
|  59|0x000000060ec00000, 0x000000060f000000, 0x000000060f000000|100%| O|  |TAMS 0x000000060ec00000| PB 0x000000060ec00000| Untracked 
|  60|0x000000060f000000, 0x000000060f400000, 0x000000060f400000|100%| O|  |TAMS 0x000000060f000000| PB 0x000000060f000000| Untracked 
|  61|0x000000060f400000, 0x000000060f800000, 0x000000060f800000|100%| O|Cm|TAMS 0x000000060f400000| PB 0x000000060f400000| Complete 
|  62|0x000000060f800000, 0x000000060f8b94b0, 0x000000060fc00000| 18%| O|  |TAMS 0x000000060f800000| PB 0x000000060f800000| Untracked 
|  63|0x000000060fc00000, 0x0000000610000000, 0x0000000610000000|100%| O|  |TAMS 0x000000060fc00000| PB 0x000000060fc00000| Untracked 
|  64|0x0000000610000000, 0x0000000610000000, 0x0000000610400000|  0%| F|  |TAMS 0x0000000610000000| PB 0x0000000610000000| Untracked 
|  65|0x0000000610400000, 0x0000000610400000, 0x0000000610800000|  0%| F|  |TAMS 0x0000000610400000| PB 0x0000000610400000| Untracked 
|  66|0x0000000610800000, 0x0000000610800000, 0x0000000610c00000|  0%| F|  |TAMS 0x0000000610800000| PB 0x0000000610800000| Untracked 
|  67|0x0000000610c00000, 0x0000000610c00000, 0x0000000611000000|  0%| F|  |TAMS 0x0000000610c00000| PB 0x0000000610c00000| Untracked 
|  68|0x0000000611000000, 0x0000000611000000, 0x0000000611400000|  0%| F|  |TAMS 0x0000000611000000| PB 0x0000000611000000| Untracked 
|  69|0x0000000611400000, 0x0000000611400000, 0x0000000611800000|  0%| F|  |TAMS 0x0000000611400000| PB 0x0000000611400000| Untracked 
|  70|0x0000000611800000, 0x0000000611800000, 0x0000000611c00000|  0%| F|  |TAMS 0x0000000611800000| PB 0x0000000611800000| Untracked 
|  71|0x0000000611c00000, 0x0000000612000000, 0x0000000612000000|100%| O|Cm|TAMS 0x0000000611c00000| PB 0x0000000611c00000| Complete 
|  72|0x0000000612000000, 0x0000000612000000, 0x0000000612400000|  0%| F|  |TAMS 0x0000000612000000| PB 0x0000000612000000| Untracked 
|  73|0x0000000612400000, 0x0000000612400000, 0x0000000612800000|  0%| F|  |TAMS 0x0000000612400000| PB 0x0000000612400000| Untracked 
|  74|0x0000000612800000, 0x0000000612800000, 0x0000000612c00000|  0%| F|  |TAMS 0x0000000612800000| PB 0x0000000612800000| Untracked 
|  75|0x0000000612c00000, 0x0000000613000000, 0x0000000613000000|100%| O|Cm|TAMS 0x0000000612c00000| PB 0x0000000612c00000| Complete 
|  76|0x0000000613000000, 0x0000000613400000, 0x0000000613400000|100%| O|Cm|TAMS 0x0000000613000000| PB 0x0000000613000000| Complete 
|  77|0x0000000613400000, 0x0000000613400000, 0x0000000613800000|  0%| F|  |TAMS 0x0000000613400000| PB 0x0000000613400000| Untracked 
|  78|0x0000000613800000, 0x0000000613c00000, 0x0000000613c00000|100%| O|Cm|TAMS 0x0000000613800000| PB 0x0000000613800000| Complete 
|  79|0x0000000613c00000, 0x0000000614000000, 0x0000000614000000|100%| O|Cm|TAMS 0x0000000613c00000| PB 0x0000000613c00000| Complete 
|  80|0x0000000614000000, 0x0000000614000000, 0x0000000614400000|  0%| F|  |TAMS 0x0000000614000000| PB 0x0000000614000000| Untracked 
|  81|0x0000000614400000, 0x0000000614400000, 0x0000000614800000|  0%| F|  |TAMS 0x0000000614400000| PB 0x0000000614400000| Untracked 
|  82|0x0000000614800000, 0x0000000614c00000, 0x0000000614c00000|100%| O|Cm|TAMS 0x0000000614800000| PB 0x0000000614800000| Complete 
|  83|0x0000000614c00000, 0x0000000615000000, 0x0000000615000000|100%| O|Cm|TAMS 0x0000000614c00000| PB 0x0000000614c00000| Complete 
|  84|0x0000000615000000, 0x0000000615000000, 0x0000000615400000|  0%| F|  |TAMS 0x0000000615000000| PB 0x0000000615000000| Untracked 
|  85|0x0000000615400000, 0x0000000615800000, 0x0000000615800000|100%| O|Cm|TAMS 0x0000000615400000| PB 0x0000000615400000| Complete 
|  86|0x0000000615800000, 0x0000000615800000, 0x0000000615c00000|  0%| F|  |TAMS 0x0000000615800000| PB 0x0000000615800000| Untracked 
|  87|0x0000000615c00000, 0x0000000615c00000, 0x0000000616000000|  0%| F|  |TAMS 0x0000000615c00000| PB 0x0000000615c00000| Untracked 
|  88|0x0000000616000000, 0x0000000616000000, 0x0000000616400000|  0%| F|  |TAMS 0x0000000616000000| PB 0x0000000616000000| Untracked 
|  89|0x0000000616400000, 0x0000000616400000, 0x0000000616800000|  0%| F|  |TAMS 0x0000000616400000| PB 0x0000000616400000| Untracked 
|  90|0x0000000616800000, 0x0000000616800000, 0x0000000616c00000|  0%| F|  |TAMS 0x0000000616800000| PB 0x0000000616800000| Untracked 
|  91|0x0000000616c00000, 0x0000000616c00000, 0x0000000617000000|  0%| F|  |TAMS 0x0000000616c00000| PB 0x0000000616c00000| Untracked 
|  92|0x0000000617000000, 0x0000000617000000, 0x0000000617400000|  0%| F|  |TAMS 0x0000000617000000| PB 0x0000000617000000| Untracked 
|  93|0x0000000617400000, 0x0000000617400000, 0x0000000617800000|  0%| F|  |TAMS 0x0000000617400000| PB 0x0000000617400000| Untracked 
|  94|0x0000000617800000, 0x0000000617800000, 0x0000000617c00000|  0%| F|  |TAMS 0x0000000617800000| PB 0x0000000617800000| Untracked 
|  95|0x0000000617c00000, 0x0000000617c00000, 0x0000000618000000|  0%| F|  |TAMS 0x0000000617c00000| PB 0x0000000617c00000| Untracked 
|  96|0x0000000618000000, 0x0000000618000000, 0x0000000618400000|  0%| F|  |TAMS 0x0000000618000000| PB 0x0000000618000000| Untracked 
|  97|0x0000000618400000, 0x0000000618400000, 0x0000000618800000|  0%| F|  |TAMS 0x0000000618400000| PB 0x0000000618400000| Untracked 
|  98|0x0000000618800000, 0x0000000618800000, 0x0000000618c00000|  0%| F|  |TAMS 0x0000000618800000| PB 0x0000000618800000| Untracked 
|  99|0x0000000618c00000, 0x0000000618c00000, 0x0000000619000000|  0%| F|  |TAMS 0x0000000618c00000| PB 0x0000000618c00000| Untracked 
| 100|0x0000000619000000, 0x0000000619000000, 0x0000000619400000|  0%| F|  |TAMS 0x0000000619000000| PB 0x0000000619000000| Untracked 
| 101|0x0000000619400000, 0x0000000619400000, 0x0000000619800000|  0%| F|  |TAMS 0x0000000619400000| PB 0x0000000619400000| Untracked 
| 102|0x0000000619800000, 0x0000000619800000, 0x0000000619c00000|  0%| F|  |TAMS 0x0000000619800000| PB 0x0000000619800000| Untracked 
| 103|0x0000000619c00000, 0x0000000619c00000, 0x000000061a000000|  0%| F|  |TAMS 0x0000000619c00000| PB 0x0000000619c00000| Untracked 
| 104|0x000000061a000000, 0x000000061a000000, 0x000000061a400000|  0%| F|  |TAMS 0x000000061a000000| PB 0x000000061a000000| Untracked 
| 105|0x000000061a400000, 0x000000061a400000, 0x000000061a800000|  0%| F|  |TAMS 0x000000061a400000| PB 0x000000061a400000| Untracked 
| 106|0x000000061a800000, 0x000000061a800000, 0x000000061ac00000|  0%| F|  |TAMS 0x000000061a800000| PB 0x000000061a800000| Untracked 
| 107|0x000000061ac00000, 0x000000061ac00000, 0x000000061b000000|  0%| F|  |TAMS 0x000000061ac00000| PB 0x000000061ac00000| Untracked 
| 108|0x000000061b000000, 0x000000061b000000, 0x000000061b400000|  0%| F|  |TAMS 0x000000061b000000| PB 0x000000061b000000| Untracked 
| 109|0x000000061b400000, 0x000000061b400000, 0x000000061b800000|  0%| F|  |TAMS 0x000000061b400000| PB 0x000000061b400000| Untracked 
| 110|0x000000061b800000, 0x000000061b800000, 0x000000061bc00000|  0%| F|  |TAMS 0x000000061b800000| PB 0x000000061b800000| Untracked 
| 111|0x000000061bc00000, 0x000000061bc00000, 0x000000061c000000|  0%| F|  |TAMS 0x000000061bc00000| PB 0x000000061bc00000| Untracked 
| 112|0x000000061c000000, 0x000000061c000000, 0x000000061c400000|  0%| F|  |TAMS 0x000000061c000000| PB 0x000000061c000000| Untracked 
| 113|0x000000061c400000, 0x000000061c400000, 0x000000061c800000|  0%| F|  |TAMS 0x000000061c400000| PB 0x000000061c400000| Untracked 
| 114|0x000000061c800000, 0x000000061c800000, 0x000000061cc00000|  0%| F|  |TAMS 0x000000061c800000| PB 0x000000061c800000| Untracked 
| 115|0x000000061cc00000, 0x000000061cc00000, 0x000000061d000000|  0%| F|  |TAMS 0x000000061cc00000| PB 0x000000061cc00000| Untracked 
| 116|0x000000061d000000, 0x000000061d000000, 0x000000061d400000|  0%| F|  |TAMS 0x000000061d000000| PB 0x000000061d000000| Untracked 
| 117|0x000000061d400000, 0x000000061d400000, 0x000000061d800000|  0%| F|  |TAMS 0x000000061d400000| PB 0x000000061d400000| Untracked 
| 118|0x000000061d800000, 0x000000061d800000, 0x000000061dc00000|  0%| F|  |TAMS 0x000000061d800000| PB 0x000000061d800000| Untracked 
| 119|0x000000061dc00000, 0x000000061dc00000, 0x000000061e000000|  0%| F|  |TAMS 0x000000061dc00000| PB 0x000000061dc00000| Untracked 
| 120|0x000000061e000000, 0x000000061e000000, 0x000000061e400000|  0%| F|  |TAMS 0x000000061e000000| PB 0x000000061e000000| Untracked 
| 121|0x000000061e400000, 0x000000061e400000, 0x000000061e800000|  0%| F|  |TAMS 0x000000061e400000| PB 0x000000061e400000| Untracked 
| 122|0x000000061e800000, 0x000000061e800000, 0x000000061ec00000|  0%| F|  |TAMS 0x000000061e800000| PB 0x000000061e800000| Untracked 
| 123|0x000000061ec00000, 0x000000061ec00000, 0x000000061f000000|  0%| F|  |TAMS 0x000000061ec00000| PB 0x000000061ec00000| Untracked 
| 124|0x000000061f000000, 0x000000061f000000, 0x000000061f400000|  0%| F|  |TAMS 0x000000061f000000| PB 0x000000061f000000| Untracked 
| 125|0x000000061f400000, 0x000000061f400000, 0x000000061f800000|  0%| F|  |TAMS 0x000000061f400000| PB 0x000000061f400000| Untracked 
| 126|0x000000061f800000, 0x000000061f800000, 0x000000061fc00000|  0%| F|  |TAMS 0x000000061f800000| PB 0x000000061f800000| Untracked 
| 127|0x000000061fc00000, 0x000000061fc00000, 0x0000000620000000|  0%| F|  |TAMS 0x000000061fc00000| PB 0x000000061fc00000| Untracked 
| 128|0x0000000620000000, 0x0000000620000000, 0x0000000620400000|  0%| F|  |TAMS 0x0000000620000000| PB 0x0000000620000000| Untracked 
| 129|0x0000000620400000, 0x0000000620400000, 0x0000000620800000|  0%| F|  |TAMS 0x0000000620400000| PB 0x0000000620400000| Untracked 
| 130|0x0000000620800000, 0x0000000620800000, 0x0000000620c00000|  0%| F|  |TAMS 0x0000000620800000| PB 0x0000000620800000| Untracked 
| 131|0x0000000620c00000, 0x0000000620c00000, 0x0000000621000000|  0%| F|  |TAMS 0x0000000620c00000| PB 0x0000000620c00000| Untracked 
| 132|0x0000000621000000, 0x0000000621000000, 0x0000000621400000|  0%| F|  |TAMS 0x0000000621000000| PB 0x0000000621000000| Untracked 
| 133|0x0000000621400000, 0x0000000621400000, 0x0000000621800000|  0%| F|  |TAMS 0x0000000621400000| PB 0x0000000621400000| Untracked 
| 134|0x0000000621800000, 0x0000000621800000, 0x0000000621c00000|  0%| F|  |TAMS 0x0000000621800000| PB 0x0000000621800000| Untracked 
| 135|0x0000000621c00000, 0x0000000621c00000, 0x0000000622000000|  0%| F|  |TAMS 0x0000000621c00000| PB 0x0000000621c00000| Untracked 
| 136|0x0000000622000000, 0x0000000622000000, 0x0000000622400000|  0%| F|  |TAMS 0x0000000622000000| PB 0x0000000622000000| Untracked 
| 137|0x0000000622400000, 0x0000000622400000, 0x0000000622800000|  0%| F|  |TAMS 0x0000000622400000| PB 0x0000000622400000| Untracked 
| 138|0x0000000622800000, 0x0000000622800000, 0x0000000622c00000|  0%| F|  |TAMS 0x0000000622800000| PB 0x0000000622800000| Untracked 
| 139|0x0000000622c00000, 0x0000000622c00000, 0x0000000623000000|  0%| F|  |TAMS 0x0000000622c00000| PB 0x0000000622c00000| Untracked 
| 140|0x0000000623000000, 0x0000000623000000, 0x0000000623400000|  0%| F|  |TAMS 0x0000000623000000| PB 0x0000000623000000| Untracked 
| 141|0x0000000623400000, 0x0000000623400000, 0x0000000623800000|  0%| F|  |TAMS 0x0000000623400000| PB 0x0000000623400000| Untracked 
| 142|0x0000000623800000, 0x0000000623800000, 0x0000000623c00000|  0%| F|  |TAMS 0x0000000623800000| PB 0x0000000623800000| Untracked 
| 143|0x0000000623c00000, 0x0000000623c00000, 0x0000000624000000|  0%| F|  |TAMS 0x0000000623c00000| PB 0x0000000623c00000| Untracked 
| 144|0x0000000624000000, 0x0000000624000000, 0x0000000624400000|  0%| F|  |TAMS 0x0000000624000000| PB 0x0000000624000000| Untracked 
| 145|0x0000000624400000, 0x0000000624400000, 0x0000000624800000|  0%| F|  |TAMS 0x0000000624400000| PB 0x0000000624400000| Untracked 
| 146|0x0000000624800000, 0x0000000624800000, 0x0000000624c00000|  0%| F|  |TAMS 0x0000000624800000| PB 0x0000000624800000| Untracked 
| 147|0x0000000624c00000, 0x0000000624c00000, 0x0000000625000000|  0%| F|  |TAMS 0x0000000624c00000| PB 0x0000000624c00000| Untracked 
| 148|0x0000000625000000, 0x0000000625000000, 0x0000000625400000|  0%| F|  |TAMS 0x0000000625000000| PB 0x0000000625000000| Untracked 
| 149|0x0000000625400000, 0x0000000625400000, 0x0000000625800000|  0%| F|  |TAMS 0x0000000625400000| PB 0x0000000625400000| Untracked 
| 150|0x0000000625800000, 0x0000000625800000, 0x0000000625c00000|  0%| F|  |TAMS 0x0000000625800000| PB 0x0000000625800000| Untracked 
| 151|0x0000000625c00000, 0x0000000625c00000, 0x0000000626000000|  0%| F|  |TAMS 0x0000000625c00000| PB 0x0000000625c00000| Untracked 
| 152|0x0000000626000000, 0x0000000626000000, 0x0000000626400000|  0%| F|  |TAMS 0x0000000626000000| PB 0x0000000626000000| Untracked 
| 153|0x0000000626400000, 0x0000000626400000, 0x0000000626800000|  0%| F|  |TAMS 0x0000000626400000| PB 0x0000000626400000| Untracked 
| 154|0x0000000626800000, 0x0000000626800000, 0x0000000626c00000|  0%| F|  |TAMS 0x0000000626800000| PB 0x0000000626800000| Untracked 
| 155|0x0000000626c00000, 0x0000000626c00000, 0x0000000627000000|  0%| F|  |TAMS 0x0000000626c00000| PB 0x0000000626c00000| Untracked 
| 156|0x0000000627000000, 0x0000000627000000, 0x0000000627400000|  0%| F|  |TAMS 0x0000000627000000| PB 0x0000000627000000| Untracked 
| 157|0x0000000627400000, 0x0000000627400000, 0x0000000627800000|  0%| F|  |TAMS 0x0000000627400000| PB 0x0000000627400000| Untracked 
| 158|0x0000000627800000, 0x0000000627800000, 0x0000000627c00000|  0%| F|  |TAMS 0x0000000627800000| PB 0x0000000627800000| Untracked 
| 159|0x0000000627c00000, 0x0000000627c00000, 0x0000000628000000|  0%| F|  |TAMS 0x0000000627c00000| PB 0x0000000627c00000| Untracked 
| 160|0x0000000628000000, 0x0000000628000000, 0x0000000628400000|  0%| F|  |TAMS 0x0000000628000000| PB 0x0000000628000000| Untracked 
| 161|0x0000000628400000, 0x0000000628400000, 0x0000000628800000|  0%| F|  |TAMS 0x0000000628400000| PB 0x0000000628400000| Untracked 
| 162|0x0000000628800000, 0x0000000628800000, 0x0000000628c00000|  0%| F|  |TAMS 0x0000000628800000| PB 0x0000000628800000| Untracked 
| 163|0x0000000628c00000, 0x0000000628c00000, 0x0000000629000000|  0%| F|  |TAMS 0x0000000628c00000| PB 0x0000000628c00000| Untracked 
| 164|0x0000000629000000, 0x0000000629000000, 0x0000000629400000|  0%| F|  |TAMS 0x0000000629000000| PB 0x0000000629000000| Untracked 
| 165|0x0000000629400000, 0x0000000629400000, 0x0000000629800000|  0%| F|  |TAMS 0x0000000629400000| PB 0x0000000629400000| Untracked 
| 166|0x0000000629800000, 0x0000000629800000, 0x0000000629c00000|  0%| F|  |TAMS 0x0000000629800000| PB 0x0000000629800000| Untracked 
| 167|0x0000000629c00000, 0x0000000629c00000, 0x000000062a000000|  0%| F|  |TAMS 0x0000000629c00000| PB 0x0000000629c00000| Untracked 
| 168|0x000000062a000000, 0x000000062a000000, 0x000000062a400000|  0%| F|  |TAMS 0x000000062a000000| PB 0x000000062a000000| Untracked 
| 169|0x000000062a400000, 0x000000062a400000, 0x000000062a800000|  0%| F|  |TAMS 0x000000062a400000| PB 0x000000062a400000| Untracked 
| 170|0x000000062a800000, 0x000000062a800000, 0x000000062ac00000|  0%| F|  |TAMS 0x000000062a800000| PB 0x000000062a800000| Untracked 
| 171|0x000000062ac00000, 0x000000062ac00000, 0x000000062b000000|  0%| F|  |TAMS 0x000000062ac00000| PB 0x000000062ac00000| Untracked 
| 172|0x000000062b000000, 0x000000062b000000, 0x000000062b400000|  0%| F|  |TAMS 0x000000062b000000| PB 0x000000062b000000| Untracked 
| 173|0x000000062b400000, 0x000000062b400000, 0x000000062b800000|  0%| F|  |TAMS 0x000000062b400000| PB 0x000000062b400000| Untracked 
| 174|0x000000062b800000, 0x000000062b800000, 0x000000062bc00000|  0%| F|  |TAMS 0x000000062b800000| PB 0x000000062b800000| Untracked 
| 175|0x000000062bc00000, 0x000000062bc00000, 0x000000062c000000|  0%| F|  |TAMS 0x000000062bc00000| PB 0x000000062bc00000| Untracked 
| 176|0x000000062c000000, 0x000000062c000000, 0x000000062c400000|  0%| F|  |TAMS 0x000000062c000000| PB 0x000000062c000000| Untracked 
| 177|0x000000062c400000, 0x000000062c400000, 0x000000062c800000|  0%| F|  |TAMS 0x000000062c400000| PB 0x000000062c400000| Untracked 
| 178|0x000000062c800000, 0x000000062c800000, 0x000000062cc00000|  0%| F|  |TAMS 0x000000062c800000| PB 0x000000062c800000| Untracked 
| 179|0x000000062cc00000, 0x000000062cc00000, 0x000000062d000000|  0%| F|  |TAMS 0x000000062cc00000| PB 0x000000062cc00000| Untracked 
| 180|0x000000062d000000, 0x000000062d000000, 0x000000062d400000|  0%| F|  |TAMS 0x000000062d000000| PB 0x000000062d000000| Untracked 
| 181|0x000000062d400000, 0x000000062d400000, 0x000000062d800000|  0%| F|  |TAMS 0x000000062d400000| PB 0x000000062d400000| Untracked 
| 182|0x000000062d800000, 0x000000062d800000, 0x000000062dc00000|  0%| F|  |TAMS 0x000000062d800000| PB 0x000000062d800000| Untracked 
| 183|0x000000062dc00000, 0x000000062dc00000, 0x000000062e000000|  0%| F|  |TAMS 0x000000062dc00000| PB 0x000000062dc00000| Untracked 
| 184|0x000000062e000000, 0x000000062e000000, 0x000000062e400000|  0%| F|  |TAMS 0x000000062e000000| PB 0x000000062e000000| Untracked 
| 185|0x000000062e400000, 0x000000062e400000, 0x000000062e800000|  0%| F|  |TAMS 0x000000062e400000| PB 0x000000062e400000| Untracked 
| 186|0x000000062e800000, 0x000000062e800000, 0x000000062ec00000|  0%| F|  |TAMS 0x000000062e800000| PB 0x000000062e800000| Untracked 
| 187|0x000000062ec00000, 0x000000062ec00000, 0x000000062f000000|  0%| F|  |TAMS 0x000000062ec00000| PB 0x000000062ec00000| Untracked 
| 188|0x000000062f000000, 0x000000062f000000, 0x000000062f400000|  0%| F|  |TAMS 0x000000062f000000| PB 0x000000062f000000| Untracked 
| 189|0x000000062f400000, 0x000000062f400000, 0x000000062f800000|  0%| F|  |TAMS 0x000000062f400000| PB 0x000000062f400000| Untracked 
| 190|0x000000062f800000, 0x000000062f800000, 0x000000062fc00000|  0%| F|  |TAMS 0x000000062f800000| PB 0x000000062f800000| Untracked 
| 191|0x000000062fc00000, 0x000000062fc00000, 0x0000000630000000|  0%| F|  |TAMS 0x000000062fc00000| PB 0x000000062fc00000| Untracked 
| 192|0x0000000630000000, 0x0000000630000000, 0x0000000630400000|  0%| F|  |TAMS 0x0000000630000000| PB 0x0000000630000000| Untracked 
| 193|0x0000000630400000, 0x0000000630400000, 0x0000000630800000|  0%| F|  |TAMS 0x0000000630400000| PB 0x0000000630400000| Untracked 
| 194|0x0000000630800000, 0x0000000630800000, 0x0000000630c00000|  0%| F|  |TAMS 0x0000000630800000| PB 0x0000000630800000| Untracked 
| 195|0x0000000630c00000, 0x0000000630c00000, 0x0000000631000000|  0%| F|  |TAMS 0x0000000630c00000| PB 0x0000000630c00000| Untracked 
| 196|0x0000000631000000, 0x0000000631000000, 0x0000000631400000|  0%| F|  |TAMS 0x0000000631000000| PB 0x0000000631000000| Untracked 
| 197|0x0000000631400000, 0x0000000631400000, 0x0000000631800000|  0%| F|  |TAMS 0x0000000631400000| PB 0x0000000631400000| Untracked 
| 198|0x0000000631800000, 0x0000000631800000, 0x0000000631c00000|  0%| F|  |TAMS 0x0000000631800000| PB 0x0000000631800000| Untracked 
| 199|0x0000000631c00000, 0x0000000631c00000, 0x0000000632000000|  0%| F|  |TAMS 0x0000000631c00000| PB 0x0000000631c00000| Untracked 
| 200|0x0000000632000000, 0x0000000632000000, 0x0000000632400000|  0%| F|  |TAMS 0x0000000632000000| PB 0x0000000632000000| Untracked 
| 201|0x0000000632400000, 0x0000000632400000, 0x0000000632800000|  0%| F|  |TAMS 0x0000000632400000| PB 0x0000000632400000| Untracked 
| 202|0x0000000632800000, 0x0000000632800000, 0x0000000632c00000|  0%| F|  |TAMS 0x0000000632800000| PB 0x0000000632800000| Untracked 
| 203|0x0000000632c00000, 0x0000000632c00000, 0x0000000633000000|  0%| F|  |TAMS 0x0000000632c00000| PB 0x0000000632c00000| Untracked 
| 204|0x0000000633000000, 0x0000000633000000, 0x0000000633400000|  0%| F|  |TAMS 0x0000000633000000| PB 0x0000000633000000| Untracked 
| 205|0x0000000633400000, 0x0000000633400000, 0x0000000633800000|  0%| F|  |TAMS 0x0000000633400000| PB 0x0000000633400000| Untracked 
| 206|0x0000000633800000, 0x0000000633800000, 0x0000000633c00000|  0%| F|  |TAMS 0x0000000633800000| PB 0x0000000633800000| Untracked 
| 207|0x0000000633c00000, 0x0000000633c00000, 0x0000000634000000|  0%| F|  |TAMS 0x0000000633c00000| PB 0x0000000633c00000| Untracked 
| 208|0x0000000634000000, 0x0000000634000000, 0x0000000634400000|  0%| F|  |TAMS 0x0000000634000000| PB 0x0000000634000000| Untracked 
| 209|0x0000000634400000, 0x0000000634400000, 0x0000000634800000|  0%| F|  |TAMS 0x0000000634400000| PB 0x0000000634400000| Untracked 
| 210|0x0000000634800000, 0x0000000634800000, 0x0000000634c00000|  0%| F|  |TAMS 0x0000000634800000| PB 0x0000000634800000| Untracked 
| 211|0x0000000634c00000, 0x0000000634c00000, 0x0000000635000000|  0%| F|  |TAMS 0x0000000634c00000| PB 0x0000000634c00000| Untracked 
| 212|0x0000000635000000, 0x0000000635000000, 0x0000000635400000|  0%| F|  |TAMS 0x0000000635000000| PB 0x0000000635000000| Untracked 
| 213|0x0000000635400000, 0x0000000635400000, 0x0000000635800000|  0%| F|  |TAMS 0x0000000635400000| PB 0x0000000635400000| Untracked 
| 214|0x0000000635800000, 0x0000000635800000, 0x0000000635c00000|  0%| F|  |TAMS 0x0000000635800000| PB 0x0000000635800000| Untracked 
| 215|0x0000000635c00000, 0x0000000635c00000, 0x0000000636000000|  0%| F|  |TAMS 0x0000000635c00000| PB 0x0000000635c00000| Untracked 
| 216|0x0000000636000000, 0x0000000636000000, 0x0000000636400000|  0%| F|  |TAMS 0x0000000636000000| PB 0x0000000636000000| Untracked 
| 217|0x0000000636400000, 0x0000000636400000, 0x0000000636800000|  0%| F|  |TAMS 0x0000000636400000| PB 0x0000000636400000| Untracked 
| 218|0x0000000636800000, 0x0000000636800000, 0x0000000636c00000|  0%| F|  |TAMS 0x0000000636800000| PB 0x0000000636800000| Untracked 
| 219|0x0000000636c00000, 0x0000000636c00000, 0x0000000637000000|  0%| F|  |TAMS 0x0000000636c00000| PB 0x0000000636c00000| Untracked 
| 220|0x0000000637000000, 0x0000000637000000, 0x0000000637400000|  0%| F|  |TAMS 0x0000000637000000| PB 0x0000000637000000| Untracked 
| 221|0x0000000637400000, 0x0000000637400000, 0x0000000637800000|  0%| F|  |TAMS 0x0000000637400000| PB 0x0000000637400000| Untracked 
| 222|0x0000000637800000, 0x0000000637800000, 0x0000000637c00000|  0%| F|  |TAMS 0x0000000637800000| PB 0x0000000637800000| Untracked 
| 223|0x0000000637c00000, 0x0000000637c00000, 0x0000000638000000|  0%| F|  |TAMS 0x0000000637c00000| PB 0x0000000637c00000| Untracked 
| 224|0x0000000638000000, 0x0000000638000000, 0x0000000638400000|  0%| F|  |TAMS 0x0000000638000000| PB 0x0000000638000000| Untracked 
| 225|0x0000000638400000, 0x0000000638400000, 0x0000000638800000|  0%| F|  |TAMS 0x0000000638400000| PB 0x0000000638400000| Untracked 
| 226|0x0000000638800000, 0x0000000638800000, 0x0000000638c00000|  0%| F|  |TAMS 0x0000000638800000| PB 0x0000000638800000| Untracked 
| 227|0x0000000638c00000, 0x0000000638c00000, 0x0000000639000000|  0%| F|  |TAMS 0x0000000638c00000| PB 0x0000000638c00000| Untracked 
| 228|0x0000000639000000, 0x0000000639000000, 0x0000000639400000|  0%| F|  |TAMS 0x0000000639000000| PB 0x0000000639000000| Untracked 
| 229|0x0000000639400000, 0x0000000639400000, 0x0000000639800000|  0%| F|  |TAMS 0x0000000639400000| PB 0x0000000639400000| Untracked 
| 230|0x0000000639800000, 0x0000000639800000, 0x0000000639c00000|  0%| F|  |TAMS 0x0000000639800000| PB 0x0000000639800000| Untracked 
| 231|0x0000000639c00000, 0x0000000639c00000, 0x000000063a000000|  0%| F|  |TAMS 0x0000000639c00000| PB 0x0000000639c00000| Untracked 
| 232|0x000000063a000000, 0x000000063a000000, 0x000000063a400000|  0%| F|  |TAMS 0x000000063a000000| PB 0x000000063a000000| Untracked 
| 233|0x000000063a400000, 0x000000063a400000, 0x000000063a800000|  0%| F|  |TAMS 0x000000063a400000| PB 0x000000063a400000| Untracked 
| 234|0x000000063a800000, 0x000000063a800000, 0x000000063ac00000|  0%| F|  |TAMS 0x000000063a800000| PB 0x000000063a800000| Untracked 
| 235|0x000000063ac00000, 0x000000063ac00000, 0x000000063b000000|  0%| F|  |TAMS 0x000000063ac00000| PB 0x000000063ac00000| Untracked 
| 236|0x000000063b000000, 0x000000063b000000, 0x000000063b400000|  0%| F|  |TAMS 0x000000063b000000| PB 0x000000063b000000| Untracked 
| 237|0x000000063b400000, 0x000000063b400000, 0x000000063b800000|  0%| F|  |TAMS 0x000000063b400000| PB 0x000000063b400000| Untracked 
| 238|0x000000063b800000, 0x000000063b800000, 0x000000063bc00000|  0%| F|  |TAMS 0x000000063b800000| PB 0x000000063b800000| Untracked 
| 239|0x000000063bc00000, 0x000000063bc00000, 0x000000063c000000|  0%| F|  |TAMS 0x000000063bc00000| PB 0x000000063bc00000| Untracked 
| 240|0x000000063c000000, 0x000000063c000000, 0x000000063c400000|  0%| F|  |TAMS 0x000000063c000000| PB 0x000000063c000000| Untracked 
| 241|0x000000063c400000, 0x000000063c400000, 0x000000063c800000|  0%| F|  |TAMS 0x000000063c400000| PB 0x000000063c400000| Untracked 
| 242|0x000000063c800000, 0x000000063c800000, 0x000000063cc00000|  0%| F|  |TAMS 0x000000063c800000| PB 0x000000063c800000| Untracked 
| 243|0x000000063cc00000, 0x000000063cc00000, 0x000000063d000000|  0%| F|  |TAMS 0x000000063cc00000| PB 0x000000063cc00000| Untracked 
| 244|0x000000063d000000, 0x000000063d000000, 0x000000063d400000|  0%| F|  |TAMS 0x000000063d000000| PB 0x000000063d000000| Untracked 
| 245|0x000000063d400000, 0x000000063d400000, 0x000000063d800000|  0%| F|  |TAMS 0x000000063d400000| PB 0x000000063d400000| Untracked 
| 246|0x000000063d800000, 0x000000063d800000, 0x000000063dc00000|  0%| F|  |TAMS 0x000000063d800000| PB 0x000000063d800000| Untracked 
| 247|0x000000063dc00000, 0x000000063dc00000, 0x000000063e000000|  0%| F|  |TAMS 0x000000063dc00000| PB 0x000000063dc00000| Untracked 
| 248|0x000000063e000000, 0x000000063e000000, 0x000000063e400000|  0%| F|  |TAMS 0x000000063e000000| PB 0x000000063e000000| Untracked 
| 249|0x000000063e400000, 0x000000063e400000, 0x000000063e800000|  0%| F|  |TAMS 0x000000063e400000| PB 0x000000063e400000| Untracked 
| 250|0x000000063e800000, 0x000000063e800000, 0x000000063ec00000|  0%| F|  |TAMS 0x000000063e800000| PB 0x000000063e800000| Untracked 
| 251|0x000000063ec00000, 0x000000063ec00000, 0x000000063f000000|  0%| F|  |TAMS 0x000000063ec00000| PB 0x000000063ec00000| Untracked 
| 252|0x000000063f000000, 0x000000063f000000, 0x000000063f400000|  0%| F|  |TAMS 0x000000063f000000| PB 0x000000063f000000| Untracked 
| 253|0x000000063f400000, 0x000000063f400000, 0x000000063f800000|  0%| F|  |TAMS 0x000000063f400000| PB 0x000000063f400000| Untracked 
| 254|0x000000063f800000, 0x000000063f800000, 0x000000063fc00000|  0%| F|  |TAMS 0x000000063f800000| PB 0x000000063f800000| Untracked 
| 255|0x000000063fc00000, 0x000000063fc00000, 0x0000000640000000|  0%| F|  |TAMS 0x000000063fc00000| PB 0x000000063fc00000| Untracked 
| 256|0x0000000640000000, 0x0000000640000000, 0x0000000640400000|  0%| F|  |TAMS 0x0000000640000000| PB 0x0000000640000000| Untracked 
| 257|0x0000000640400000, 0x0000000640400000, 0x0000000640800000|  0%| F|  |TAMS 0x0000000640400000| PB 0x0000000640400000| Untracked 
| 258|0x0000000640800000, 0x0000000640800000, 0x0000000640c00000|  0%| F|  |TAMS 0x0000000640800000| PB 0x0000000640800000| Untracked 
| 259|0x0000000640c00000, 0x0000000640c00000, 0x0000000641000000|  0%| F|  |TAMS 0x0000000640c00000| PB 0x0000000640c00000| Untracked 
| 260|0x0000000641000000, 0x0000000641000000, 0x0000000641400000|  0%| F|  |TAMS 0x0000000641000000| PB 0x0000000641000000| Untracked 
| 261|0x0000000641400000, 0x0000000641400000, 0x0000000641800000|  0%| F|  |TAMS 0x0000000641400000| PB 0x0000000641400000| Untracked 
| 262|0x0000000641800000, 0x0000000641800000, 0x0000000641c00000|  0%| F|  |TAMS 0x0000000641800000| PB 0x0000000641800000| Untracked 
| 263|0x0000000641c00000, 0x0000000641c00000, 0x0000000642000000|  0%| F|  |TAMS 0x0000000641c00000| PB 0x0000000641c00000| Untracked 
| 264|0x0000000642000000, 0x0000000642000000, 0x0000000642400000|  0%| F|  |TAMS 0x0000000642000000| PB 0x0000000642000000| Untracked 
| 265|0x0000000642400000, 0x0000000642400000, 0x0000000642800000|  0%| F|  |TAMS 0x0000000642400000| PB 0x0000000642400000| Untracked 
| 266|0x0000000642800000, 0x0000000642800000, 0x0000000642c00000|  0%| F|  |TAMS 0x0000000642800000| PB 0x0000000642800000| Untracked 
| 267|0x0000000642c00000, 0x0000000642c00000, 0x0000000643000000|  0%| F|  |TAMS 0x0000000642c00000| PB 0x0000000642c00000| Untracked 
| 268|0x0000000643000000, 0x0000000643000000, 0x0000000643400000|  0%| F|  |TAMS 0x0000000643000000| PB 0x0000000643000000| Untracked 
| 269|0x0000000643400000, 0x0000000643400000, 0x0000000643800000|  0%| F|  |TAMS 0x0000000643400000| PB 0x0000000643400000| Untracked 
| 270|0x0000000643800000, 0x0000000643800000, 0x0000000643c00000|  0%| F|  |TAMS 0x0000000643800000| PB 0x0000000643800000| Untracked 
| 271|0x0000000643c00000, 0x0000000643c00000, 0x0000000644000000|  0%| F|  |TAMS 0x0000000643c00000| PB 0x0000000643c00000| Untracked 
| 272|0x0000000644000000, 0x0000000644000000, 0x0000000644400000|  0%| F|  |TAMS 0x0000000644000000| PB 0x0000000644000000| Untracked 
| 273|0x0000000644400000, 0x0000000644400000, 0x0000000644800000|  0%| F|  |TAMS 0x0000000644400000| PB 0x0000000644400000| Untracked 
| 274|0x0000000644800000, 0x0000000644800000, 0x0000000644c00000|  0%| F|  |TAMS 0x0000000644800000| PB 0x0000000644800000| Untracked 
| 275|0x0000000644c00000, 0x0000000644c00000, 0x0000000645000000|  0%| F|  |TAMS 0x0000000644c00000| PB 0x0000000644c00000| Untracked 
| 276|0x0000000645000000, 0x0000000645000000, 0x0000000645400000|  0%| F|  |TAMS 0x0000000645000000| PB 0x0000000645000000| Untracked 
| 277|0x0000000645400000, 0x0000000645400000, 0x0000000645800000|  0%| F|  |TAMS 0x0000000645400000| PB 0x0000000645400000| Untracked 
| 278|0x0000000645800000, 0x0000000645800000, 0x0000000645c00000|  0%| F|  |TAMS 0x0000000645800000| PB 0x0000000645800000| Untracked 
| 279|0x0000000645c00000, 0x0000000645c00000, 0x0000000646000000|  0%| F|  |TAMS 0x0000000645c00000| PB 0x0000000645c00000| Untracked 
| 280|0x0000000646000000, 0x0000000646000000, 0x0000000646400000|  0%| F|  |TAMS 0x0000000646000000| PB 0x0000000646000000| Untracked 
| 281|0x0000000646400000, 0x0000000646400000, 0x0000000646800000|  0%| F|  |TAMS 0x0000000646400000| PB 0x0000000646400000| Untracked 
| 282|0x0000000646800000, 0x0000000646800000, 0x0000000646c00000|  0%| F|  |TAMS 0x0000000646800000| PB 0x0000000646800000| Untracked 
| 283|0x0000000646c00000, 0x0000000646c00000, 0x0000000647000000|  0%| F|  |TAMS 0x0000000646c00000| PB 0x0000000646c00000| Untracked 
| 284|0x0000000647000000, 0x0000000647000000, 0x0000000647400000|  0%| F|  |TAMS 0x0000000647000000| PB 0x0000000647000000| Untracked 
| 285|0x0000000647400000, 0x0000000647400000, 0x0000000647800000|  0%| F|  |TAMS 0x0000000647400000| PB 0x0000000647400000| Untracked 
| 286|0x0000000647800000, 0x0000000647800000, 0x0000000647c00000|  0%| F|  |TAMS 0x0000000647800000| PB 0x0000000647800000| Untracked 
| 287|0x0000000647c00000, 0x0000000647c00000, 0x0000000648000000|  0%| F|  |TAMS 0x0000000647c00000| PB 0x0000000647c00000| Untracked 
| 288|0x0000000648000000, 0x0000000648000000, 0x0000000648400000|  0%| F|  |TAMS 0x0000000648000000| PB 0x0000000648000000| Untracked 
| 289|0x0000000648400000, 0x0000000648400000, 0x0000000648800000|  0%| F|  |TAMS 0x0000000648400000| PB 0x0000000648400000| Untracked 
| 290|0x0000000648800000, 0x0000000648800000, 0x0000000648c00000|  0%| F|  |TAMS 0x0000000648800000| PB 0x0000000648800000| Untracked 
| 291|0x0000000648c00000, 0x0000000648c00000, 0x0000000649000000|  0%| F|  |TAMS 0x0000000648c00000| PB 0x0000000648c00000| Untracked 
| 292|0x0000000649000000, 0x0000000649000000, 0x0000000649400000|  0%| F|  |TAMS 0x0000000649000000| PB 0x0000000649000000| Untracked 
| 293|0x0000000649400000, 0x0000000649400000, 0x0000000649800000|  0%| F|  |TAMS 0x0000000649400000| PB 0x0000000649400000| Untracked 
| 294|0x0000000649800000, 0x0000000649800000, 0x0000000649c00000|  0%| F|  |TAMS 0x0000000649800000| PB 0x0000000649800000| Untracked 
| 295|0x0000000649c00000, 0x0000000649c00000, 0x000000064a000000|  0%| F|  |TAMS 0x0000000649c00000| PB 0x0000000649c00000| Untracked 
| 296|0x000000064a000000, 0x000000064a000000, 0x000000064a400000|  0%| F|  |TAMS 0x000000064a000000| PB 0x000000064a000000| Untracked 
| 297|0x000000064a400000, 0x000000064a400000, 0x000000064a800000|  0%| F|  |TAMS 0x000000064a400000| PB 0x000000064a400000| Untracked 
| 298|0x000000064a800000, 0x000000064a800000, 0x000000064ac00000|  0%| F|  |TAMS 0x000000064a800000| PB 0x000000064a800000| Untracked 
| 299|0x000000064ac00000, 0x000000064ac00000, 0x000000064b000000|  0%| F|  |TAMS 0x000000064ac00000| PB 0x000000064ac00000| Untracked 
| 300|0x000000064b000000, 0x000000064b000000, 0x000000064b400000|  0%| F|  |TAMS 0x000000064b000000| PB 0x000000064b000000| Untracked 
| 301|0x000000064b400000, 0x000000064b400000, 0x000000064b800000|  0%| F|  |TAMS 0x000000064b400000| PB 0x000000064b400000| Untracked 
| 302|0x000000064b800000, 0x000000064b800000, 0x000000064bc00000|  0%| F|  |TAMS 0x000000064b800000| PB 0x000000064b800000| Untracked 
| 303|0x000000064bc00000, 0x000000064bc00000, 0x000000064c000000|  0%| F|  |TAMS 0x000000064bc00000| PB 0x000000064bc00000| Untracked 
| 304|0x000000064c000000, 0x000000064c000000, 0x000000064c400000|  0%| F|  |TAMS 0x000000064c000000| PB 0x000000064c000000| Untracked 
| 305|0x000000064c400000, 0x000000064c400000, 0x000000064c800000|  0%| F|  |TAMS 0x000000064c400000| PB 0x000000064c400000| Untracked 
| 306|0x000000064c800000, 0x000000064c800000, 0x000000064cc00000|  0%| F|  |TAMS 0x000000064c800000| PB 0x000000064c800000| Untracked 
| 307|0x000000064cc00000, 0x000000064cc00000, 0x000000064d000000|  0%| F|  |TAMS 0x000000064cc00000| PB 0x000000064cc00000| Untracked 
| 308|0x000000064d000000, 0x000000064d000000, 0x000000064d400000|  0%| F|  |TAMS 0x000000064d000000| PB 0x000000064d000000| Untracked 
| 309|0x000000064d400000, 0x000000064d400000, 0x000000064d800000|  0%| F|  |TAMS 0x000000064d400000| PB 0x000000064d400000| Untracked 
| 310|0x000000064d800000, 0x000000064d800000, 0x000000064dc00000|  0%| F|  |TAMS 0x000000064d800000| PB 0x000000064d800000| Untracked 
| 311|0x000000064dc00000, 0x000000064dc00000, 0x000000064e000000|  0%| F|  |TAMS 0x000000064dc00000| PB 0x000000064dc00000| Untracked 
| 312|0x000000064e000000, 0x000000064e000000, 0x000000064e400000|  0%| F|  |TAMS 0x000000064e000000| PB 0x000000064e000000| Untracked 
| 313|0x000000064e400000, 0x000000064e400000, 0x000000064e800000|  0%| F|  |TAMS 0x000000064e400000| PB 0x000000064e400000| Untracked 
| 314|0x000000064e800000, 0x000000064e800000, 0x000000064ec00000|  0%| F|  |TAMS 0x000000064e800000| PB 0x000000064e800000| Untracked 
| 315|0x000000064ec00000, 0x000000064ec00000, 0x000000064f000000|  0%| F|  |TAMS 0x000000064ec00000| PB 0x000000064ec00000| Untracked 
| 316|0x000000064f000000, 0x000000064f000000, 0x000000064f400000|  0%| F|  |TAMS 0x000000064f000000| PB 0x000000064f000000| Untracked 
| 317|0x000000064f400000, 0x000000064f400000, 0x000000064f800000|  0%| F|  |TAMS 0x000000064f400000| PB 0x000000064f400000| Untracked 
| 318|0x000000064f800000, 0x000000064f800000, 0x000000064fc00000|  0%| F|  |TAMS 0x000000064f800000| PB 0x000000064f800000| Untracked 
| 319|0x000000064fc00000, 0x000000064fc00000, 0x0000000650000000|  0%| F|  |TAMS 0x000000064fc00000| PB 0x000000064fc00000| Untracked 
| 320|0x0000000650000000, 0x0000000650000000, 0x0000000650400000|  0%| F|  |TAMS 0x0000000650000000| PB 0x0000000650000000| Untracked 
| 321|0x0000000650400000, 0x0000000650400000, 0x0000000650800000|  0%| F|  |TAMS 0x0000000650400000| PB 0x0000000650400000| Untracked 
| 322|0x0000000650800000, 0x0000000650800000, 0x0000000650c00000|  0%| F|  |TAMS 0x0000000650800000| PB 0x0000000650800000| Untracked 
| 323|0x0000000650c00000, 0x0000000650c00000, 0x0000000651000000|  0%| F|  |TAMS 0x0000000650c00000| PB 0x0000000650c00000| Untracked 
| 324|0x0000000651000000, 0x0000000651000000, 0x0000000651400000|  0%| F|  |TAMS 0x0000000651000000| PB 0x0000000651000000| Untracked 
| 325|0x0000000651400000, 0x0000000651400000, 0x0000000651800000|  0%| F|  |TAMS 0x0000000651400000| PB 0x0000000651400000| Untracked 
| 326|0x0000000651800000, 0x0000000651800000, 0x0000000651c00000|  0%| F|  |TAMS 0x0000000651800000| PB 0x0000000651800000| Untracked 
| 327|0x0000000651c00000, 0x0000000651c00000, 0x0000000652000000|  0%| F|  |TAMS 0x0000000651c00000| PB 0x0000000651c00000| Untracked 
| 328|0x0000000652000000, 0x0000000652000000, 0x0000000652400000|  0%| F|  |TAMS 0x0000000652000000| PB 0x0000000652000000| Untracked 
| 329|0x0000000652400000, 0x0000000652400000, 0x0000000652800000|  0%| F|  |TAMS 0x0000000652400000| PB 0x0000000652400000| Untracked 
| 330|0x0000000652800000, 0x0000000652800000, 0x0000000652c00000|  0%| F|  |TAMS 0x0000000652800000| PB 0x0000000652800000| Untracked 
| 331|0x0000000652c00000, 0x0000000652c00000, 0x0000000653000000|  0%| F|  |TAMS 0x0000000652c00000| PB 0x0000000652c00000| Untracked 
| 332|0x0000000653000000, 0x0000000653000000, 0x0000000653400000|  0%| F|  |TAMS 0x0000000653000000| PB 0x0000000653000000| Untracked 
| 333|0x0000000653400000, 0x0000000653400000, 0x0000000653800000|  0%| F|  |TAMS 0x0000000653400000| PB 0x0000000653400000| Untracked 
| 334|0x0000000653800000, 0x0000000653800000, 0x0000000653c00000|  0%| F|  |TAMS 0x0000000653800000| PB 0x0000000653800000| Untracked 
| 335|0x0000000653c00000, 0x0000000653c00000, 0x0000000654000000|  0%| F|  |TAMS 0x0000000653c00000| PB 0x0000000653c00000| Untracked 
| 336|0x0000000654000000, 0x0000000654000000, 0x0000000654400000|  0%| F|  |TAMS 0x0000000654000000| PB 0x0000000654000000| Untracked 
| 337|0x0000000654400000, 0x0000000654400000, 0x0000000654800000|  0%| F|  |TAMS 0x0000000654400000| PB 0x0000000654400000| Untracked 
| 338|0x0000000654800000, 0x0000000654800000, 0x0000000654c00000|  0%| F|  |TAMS 0x0000000654800000| PB 0x0000000654800000| Untracked 
| 339|0x0000000654c00000, 0x0000000654c00000, 0x0000000655000000|  0%| F|  |TAMS 0x0000000654c00000| PB 0x0000000654c00000| Untracked 
| 340|0x0000000655000000, 0x0000000655000000, 0x0000000655400000|  0%| F|  |TAMS 0x0000000655000000| PB 0x0000000655000000| Untracked 
| 341|0x0000000655400000, 0x0000000655400000, 0x0000000655800000|  0%| F|  |TAMS 0x0000000655400000| PB 0x0000000655400000| Untracked 
| 342|0x0000000655800000, 0x0000000655800000, 0x0000000655c00000|  0%| F|  |TAMS 0x0000000655800000| PB 0x0000000655800000| Untracked 
| 343|0x0000000655c00000, 0x0000000655c00000, 0x0000000656000000|  0%| F|  |TAMS 0x0000000655c00000| PB 0x0000000655c00000| Untracked 
| 344|0x0000000656000000, 0x0000000656000000, 0x0000000656400000|  0%| F|  |TAMS 0x0000000656000000| PB 0x0000000656000000| Untracked 
| 345|0x0000000656400000, 0x0000000656400000, 0x0000000656800000|  0%| F|  |TAMS 0x0000000656400000| PB 0x0000000656400000| Untracked 
| 346|0x0000000656800000, 0x0000000656800000, 0x0000000656c00000|  0%| F|  |TAMS 0x0000000656800000| PB 0x0000000656800000| Untracked 
| 347|0x0000000656c00000, 0x0000000656c00000, 0x0000000657000000|  0%| F|  |TAMS 0x0000000656c00000| PB 0x0000000656c00000| Untracked 
| 348|0x0000000657000000, 0x0000000657000000, 0x0000000657400000|  0%| F|  |TAMS 0x0000000657000000| PB 0x0000000657000000| Untracked 
| 349|0x0000000657400000, 0x0000000657400000, 0x0000000657800000|  0%| F|  |TAMS 0x0000000657400000| PB 0x0000000657400000| Untracked 
| 350|0x0000000657800000, 0x0000000657800000, 0x0000000657c00000|  0%| F|  |TAMS 0x0000000657800000| PB 0x0000000657800000| Untracked 
| 351|0x0000000657c00000, 0x0000000657c00000, 0x0000000658000000|  0%| F|  |TAMS 0x0000000657c00000| PB 0x0000000657c00000| Untracked 
| 352|0x0000000658000000, 0x0000000658000000, 0x0000000658400000|  0%| F|  |TAMS 0x0000000658000000| PB 0x0000000658000000| Untracked 
| 353|0x0000000658400000, 0x0000000658400000, 0x0000000658800000|  0%| F|  |TAMS 0x0000000658400000| PB 0x0000000658400000| Untracked 
| 354|0x0000000658800000, 0x0000000658800000, 0x0000000658c00000|  0%| F|  |TAMS 0x0000000658800000| PB 0x0000000658800000| Untracked 
| 355|0x0000000658c00000, 0x0000000658c00000, 0x0000000659000000|  0%| F|  |TAMS 0x0000000658c00000| PB 0x0000000658c00000| Untracked 
| 356|0x0000000659000000, 0x0000000659000000, 0x0000000659400000|  0%| F|  |TAMS 0x0000000659000000| PB 0x0000000659000000| Untracked 
| 357|0x0000000659400000, 0x0000000659400000, 0x0000000659800000|  0%| F|  |TAMS 0x0000000659400000| PB 0x0000000659400000| Untracked 
| 358|0x0000000659800000, 0x0000000659800000, 0x0000000659c00000|  0%| F|  |TAMS 0x0000000659800000| PB 0x0000000659800000| Untracked 
| 359|0x0000000659c00000, 0x0000000659c00000, 0x000000065a000000|  0%| F|  |TAMS 0x0000000659c00000| PB 0x0000000659c00000| Untracked 
| 360|0x000000065a000000, 0x000000065a000000, 0x000000065a400000|  0%| F|  |TAMS 0x000000065a000000| PB 0x000000065a000000| Untracked 
| 361|0x000000065a400000, 0x000000065a400000, 0x000000065a800000|  0%| F|  |TAMS 0x000000065a400000| PB 0x000000065a400000| Untracked 
| 362|0x000000065a800000, 0x000000065a800000, 0x000000065ac00000|  0%| F|  |TAMS 0x000000065a800000| PB 0x000000065a800000| Untracked 
| 363|0x000000065ac00000, 0x000000065ac00000, 0x000000065b000000|  0%| F|  |TAMS 0x000000065ac00000| PB 0x000000065ac00000| Untracked 
| 364|0x000000065b000000, 0x000000065b000000, 0x000000065b400000|  0%| F|  |TAMS 0x000000065b000000| PB 0x000000065b000000| Untracked 
| 365|0x000000065b400000, 0x000000065b400000, 0x000000065b800000|  0%| F|  |TAMS 0x000000065b400000| PB 0x000000065b400000| Untracked 
| 366|0x000000065b800000, 0x000000065b800000, 0x000000065bc00000|  0%| F|  |TAMS 0x000000065b800000| PB 0x000000065b800000| Untracked 
| 367|0x000000065bc00000, 0x000000065bc00000, 0x000000065c000000|  0%| F|  |TAMS 0x000000065bc00000| PB 0x000000065bc00000| Untracked 
| 368|0x000000065c000000, 0x000000065c000000, 0x000000065c400000|  0%| F|  |TAMS 0x000000065c000000| PB 0x000000065c000000| Untracked 
| 369|0x000000065c400000, 0x000000065c400000, 0x000000065c800000|  0%| F|  |TAMS 0x000000065c400000| PB 0x000000065c400000| Untracked 
| 370|0x000000065c800000, 0x000000065c800000, 0x000000065cc00000|  0%| F|  |TAMS 0x000000065c800000| PB 0x000000065c800000| Untracked 
| 371|0x000000065cc00000, 0x000000065cc00000, 0x000000065d000000|  0%| F|  |TAMS 0x000000065cc00000| PB 0x000000065cc00000| Untracked 
| 372|0x000000065d000000, 0x000000065d000000, 0x000000065d400000|  0%| F|  |TAMS 0x000000065d000000| PB 0x000000065d000000| Untracked 
| 373|0x000000065d400000, 0x000000065d400000, 0x000000065d800000|  0%| F|  |TAMS 0x000000065d400000| PB 0x000000065d400000| Untracked 
| 374|0x000000065d800000, 0x000000065d800000, 0x000000065dc00000|  0%| F|  |TAMS 0x000000065d800000| PB 0x000000065d800000| Untracked 
| 375|0x000000065dc00000, 0x000000065dc00000, 0x000000065e000000|  0%| F|  |TAMS 0x000000065dc00000| PB 0x000000065dc00000| Untracked 
| 376|0x000000065e000000, 0x000000065e000000, 0x000000065e400000|  0%| F|  |TAMS 0x000000065e000000| PB 0x000000065e000000| Untracked 
| 377|0x000000065e400000, 0x000000065e400000, 0x000000065e800000|  0%| F|  |TAMS 0x000000065e400000| PB 0x000000065e400000| Untracked 
| 378|0x000000065e800000, 0x000000065e800000, 0x000000065ec00000|  0%| F|  |TAMS 0x000000065e800000| PB 0x000000065e800000| Untracked 
| 379|0x000000065ec00000, 0x000000065ec00000, 0x000000065f000000|  0%| F|  |TAMS 0x000000065ec00000| PB 0x000000065ec00000| Untracked 
| 380|0x000000065f000000, 0x000000065f000000, 0x000000065f400000|  0%| F|  |TAMS 0x000000065f000000| PB 0x000000065f000000| Untracked 
| 381|0x000000065f400000, 0x000000065f400000, 0x000000065f800000|  0%| F|  |TAMS 0x000000065f400000| PB 0x000000065f400000| Untracked 
| 382|0x000000065f800000, 0x000000065f800000, 0x000000065fc00000|  0%| F|  |TAMS 0x000000065f800000| PB 0x000000065f800000| Untracked 
| 383|0x000000065fc00000, 0x000000065fc00000, 0x0000000660000000|  0%| F|  |TAMS 0x000000065fc00000| PB 0x000000065fc00000| Untracked 
| 384|0x0000000660000000, 0x0000000660000000, 0x0000000660400000|  0%| F|  |TAMS 0x0000000660000000| PB 0x0000000660000000| Untracked 
| 385|0x0000000660400000, 0x0000000660400000, 0x0000000660800000|  0%| F|  |TAMS 0x0000000660400000| PB 0x0000000660400000| Untracked 
| 386|0x0000000660800000, 0x0000000660800000, 0x0000000660c00000|  0%| F|  |TAMS 0x0000000660800000| PB 0x0000000660800000| Untracked 
| 387|0x0000000660c00000, 0x0000000660c00000, 0x0000000661000000|  0%| F|  |TAMS 0x0000000660c00000| PB 0x0000000660c00000| Untracked 
| 388|0x0000000661000000, 0x0000000661000000, 0x0000000661400000|  0%| F|  |TAMS 0x0000000661000000| PB 0x0000000661000000| Untracked 
| 389|0x0000000661400000, 0x0000000661400000, 0x0000000661800000|  0%| F|  |TAMS 0x0000000661400000| PB 0x0000000661400000| Untracked 
| 390|0x0000000661800000, 0x0000000661800000, 0x0000000661c00000|  0%| F|  |TAMS 0x0000000661800000| PB 0x0000000661800000| Untracked 
| 391|0x0000000661c00000, 0x0000000661c00000, 0x0000000662000000|  0%| F|  |TAMS 0x0000000661c00000| PB 0x0000000661c00000| Untracked 
| 392|0x0000000662000000, 0x0000000662000000, 0x0000000662400000|  0%| F|  |TAMS 0x0000000662000000| PB 0x0000000662000000| Untracked 
| 393|0x0000000662400000, 0x0000000662400000, 0x0000000662800000|  0%| F|  |TAMS 0x0000000662400000| PB 0x0000000662400000| Untracked 
| 394|0x0000000662800000, 0x0000000662800000, 0x0000000662c00000|  0%| F|  |TAMS 0x0000000662800000| PB 0x0000000662800000| Untracked 
| 395|0x0000000662c00000, 0x0000000662c00000, 0x0000000663000000|  0%| F|  |TAMS 0x0000000662c00000| PB 0x0000000662c00000| Untracked 
| 396|0x0000000663000000, 0x0000000663000000, 0x0000000663400000|  0%| F|  |TAMS 0x0000000663000000| PB 0x0000000663000000| Untracked 
| 397|0x0000000663400000, 0x0000000663400000, 0x0000000663800000|  0%| F|  |TAMS 0x0000000663400000| PB 0x0000000663400000| Untracked 
| 398|0x0000000663800000, 0x0000000663800000, 0x0000000663c00000|  0%| F|  |TAMS 0x0000000663800000| PB 0x0000000663800000| Untracked 
| 399|0x0000000663c00000, 0x0000000663c00000, 0x0000000664000000|  0%| F|  |TAMS 0x0000000663c00000| PB 0x0000000663c00000| Untracked 
| 400|0x0000000664000000, 0x0000000664000000, 0x0000000664400000|  0%| F|  |TAMS 0x0000000664000000| PB 0x0000000664000000| Untracked 
| 401|0x0000000664400000, 0x0000000664400000, 0x0000000664800000|  0%| F|  |TAMS 0x0000000664400000| PB 0x0000000664400000| Untracked 
| 402|0x0000000664800000, 0x0000000664800000, 0x0000000664c00000|  0%| F|  |TAMS 0x0000000664800000| PB 0x0000000664800000| Untracked 
| 403|0x0000000664c00000, 0x0000000664c00000, 0x0000000665000000|  0%| F|  |TAMS 0x0000000664c00000| PB 0x0000000664c00000| Untracked 
| 404|0x0000000665000000, 0x0000000665000000, 0x0000000665400000|  0%| F|  |TAMS 0x0000000665000000| PB 0x0000000665000000| Untracked 
| 405|0x0000000665400000, 0x0000000665400000, 0x0000000665800000|  0%| F|  |TAMS 0x0000000665400000| PB 0x0000000665400000| Untracked 
| 406|0x0000000665800000, 0x0000000665800000, 0x0000000665c00000|  0%| F|  |TAMS 0x0000000665800000| PB 0x0000000665800000| Untracked 
| 407|0x0000000665c00000, 0x0000000665c00000, 0x0000000666000000|  0%| F|  |TAMS 0x0000000665c00000| PB 0x0000000665c00000| Untracked 
| 408|0x0000000666000000, 0x0000000666000000, 0x0000000666400000|  0%| F|  |TAMS 0x0000000666000000| PB 0x0000000666000000| Untracked 
| 409|0x0000000666400000, 0x0000000666400000, 0x0000000666800000|  0%| F|  |TAMS 0x0000000666400000| PB 0x0000000666400000| Untracked 
| 410|0x0000000666800000, 0x0000000666800000, 0x0000000666c00000|  0%| F|  |TAMS 0x0000000666800000| PB 0x0000000666800000| Untracked 
| 411|0x0000000666c00000, 0x0000000666c00000, 0x0000000667000000|  0%| F|  |TAMS 0x0000000666c00000| PB 0x0000000666c00000| Untracked 
| 412|0x0000000667000000, 0x0000000667000000, 0x0000000667400000|  0%| F|  |TAMS 0x0000000667000000| PB 0x0000000667000000| Untracked 
| 413|0x0000000667400000, 0x0000000667400000, 0x0000000667800000|  0%| F|  |TAMS 0x0000000667400000| PB 0x0000000667400000| Untracked 
| 414|0x0000000667800000, 0x0000000667800000, 0x0000000667c00000|  0%| F|  |TAMS 0x0000000667800000| PB 0x0000000667800000| Untracked 
| 415|0x0000000667c00000, 0x0000000667c00000, 0x0000000668000000|  0%| F|  |TAMS 0x0000000667c00000| PB 0x0000000667c00000| Untracked 
| 416|0x0000000668000000, 0x0000000668000000, 0x0000000668400000|  0%| F|  |TAMS 0x0000000668000000| PB 0x0000000668000000| Untracked 
| 417|0x0000000668400000, 0x0000000668400000, 0x0000000668800000|  0%| F|  |TAMS 0x0000000668400000| PB 0x0000000668400000| Untracked 
| 418|0x0000000668800000, 0x0000000668800000, 0x0000000668c00000|  0%| F|  |TAMS 0x0000000668800000| PB 0x0000000668800000| Untracked 
| 419|0x0000000668c00000, 0x0000000668c00000, 0x0000000669000000|  0%| F|  |TAMS 0x0000000668c00000| PB 0x0000000668c00000| Untracked 
| 420|0x0000000669000000, 0x0000000669000000, 0x0000000669400000|  0%| F|  |TAMS 0x0000000669000000| PB 0x0000000669000000| Untracked 
| 421|0x0000000669400000, 0x0000000669400000, 0x0000000669800000|  0%| F|  |TAMS 0x0000000669400000| PB 0x0000000669400000| Untracked 
| 422|0x0000000669800000, 0x0000000669800000, 0x0000000669c00000|  0%| F|  |TAMS 0x0000000669800000| PB 0x0000000669800000| Untracked 
| 423|0x0000000669c00000, 0x0000000669c00000, 0x000000066a000000|  0%| F|  |TAMS 0x0000000669c00000| PB 0x0000000669c00000| Untracked 
| 424|0x000000066a000000, 0x000000066a000000, 0x000000066a400000|  0%| F|  |TAMS 0x000000066a000000| PB 0x000000066a000000| Untracked 
| 425|0x000000066a400000, 0x000000066a400000, 0x000000066a800000|  0%| F|  |TAMS 0x000000066a400000| PB 0x000000066a400000| Untracked 
| 426|0x000000066a800000, 0x000000066a800000, 0x000000066ac00000|  0%| F|  |TAMS 0x000000066a800000| PB 0x000000066a800000| Untracked 
| 427|0x000000066ac00000, 0x000000066ac00000, 0x000000066b000000|  0%| F|  |TAMS 0x000000066ac00000| PB 0x000000066ac00000| Untracked 
| 428|0x000000066b000000, 0x000000066b000000, 0x000000066b400000|  0%| F|  |TAMS 0x000000066b000000| PB 0x000000066b000000| Untracked 
| 429|0x000000066b400000, 0x000000066b400000, 0x000000066b800000|  0%| F|  |TAMS 0x000000066b400000| PB 0x000000066b400000| Untracked 
| 430|0x000000066b800000, 0x000000066b800000, 0x000000066bc00000|  0%| F|  |TAMS 0x000000066b800000| PB 0x000000066b800000| Untracked 
| 431|0x000000066bc00000, 0x000000066bc00000, 0x000000066c000000|  0%| F|  |TAMS 0x000000066bc00000| PB 0x000000066bc00000| Untracked 
| 432|0x000000066c000000, 0x000000066c000000, 0x000000066c400000|  0%| F|  |TAMS 0x000000066c000000| PB 0x000000066c000000| Untracked 
| 433|0x000000066c400000, 0x000000066c400000, 0x000000066c800000|  0%| F|  |TAMS 0x000000066c400000| PB 0x000000066c400000| Untracked 
| 434|0x000000066c800000, 0x000000066c800000, 0x000000066cc00000|  0%| F|  |TAMS 0x000000066c800000| PB 0x000000066c800000| Untracked 
| 435|0x000000066cc00000, 0x000000066cc00000, 0x000000066d000000|  0%| F|  |TAMS 0x000000066cc00000| PB 0x000000066cc00000| Untracked 
| 436|0x000000066d000000, 0x000000066d000000, 0x000000066d400000|  0%| F|  |TAMS 0x000000066d000000| PB 0x000000066d000000| Untracked 
| 437|0x000000066d400000, 0x000000066d400000, 0x000000066d800000|  0%| F|  |TAMS 0x000000066d400000| PB 0x000000066d400000| Untracked 
| 438|0x000000066d800000, 0x000000066d800000, 0x000000066dc00000|  0%| F|  |TAMS 0x000000066d800000| PB 0x000000066d800000| Untracked 
| 439|0x000000066dc00000, 0x000000066dc00000, 0x000000066e000000|  0%| F|  |TAMS 0x000000066dc00000| PB 0x000000066dc00000| Untracked 
| 440|0x000000066e000000, 0x000000066e000000, 0x000000066e400000|  0%| F|  |TAMS 0x000000066e000000| PB 0x000000066e000000| Untracked 
| 441|0x000000066e400000, 0x000000066e400000, 0x000000066e800000|  0%| F|  |TAMS 0x000000066e400000| PB 0x000000066e400000| Untracked 
| 442|0x000000066e800000, 0x000000066e800000, 0x000000066ec00000|  0%| F|  |TAMS 0x000000066e800000| PB 0x000000066e800000| Untracked 
| 443|0x000000066ec00000, 0x000000066ec00000, 0x000000066f000000|  0%| F|  |TAMS 0x000000066ec00000| PB 0x000000066ec00000| Untracked 
| 444|0x000000066f000000, 0x000000066f000000, 0x000000066f400000|  0%| F|  |TAMS 0x000000066f000000| PB 0x000000066f000000| Untracked 
| 445|0x000000066f400000, 0x000000066f400000, 0x000000066f800000|  0%| F|  |TAMS 0x000000066f400000| PB 0x000000066f400000| Untracked 
| 446|0x000000066f800000, 0x000000066f800000, 0x000000066fc00000|  0%| F|  |TAMS 0x000000066f800000| PB 0x000000066f800000| Untracked 
| 447|0x000000066fc00000, 0x000000066fc00000, 0x0000000670000000|  0%| F|  |TAMS 0x000000066fc00000| PB 0x000000066fc00000| Untracked 
| 448|0x0000000670000000, 0x0000000670000000, 0x0000000670400000|  0%| F|  |TAMS 0x0000000670000000| PB 0x0000000670000000| Untracked 
| 449|0x0000000670400000, 0x0000000670400000, 0x0000000670800000|  0%| F|  |TAMS 0x0000000670400000| PB 0x0000000670400000| Untracked 
| 450|0x0000000670800000, 0x0000000670800000, 0x0000000670c00000|  0%| F|  |TAMS 0x0000000670800000| PB 0x0000000670800000| Untracked 
| 451|0x0000000670c00000, 0x0000000670c00000, 0x0000000671000000|  0%| F|  |TAMS 0x0000000670c00000| PB 0x0000000670c00000| Untracked 
| 452|0x0000000671000000, 0x0000000671000000, 0x0000000671400000|  0%| F|  |TAMS 0x0000000671000000| PB 0x0000000671000000| Untracked 
| 453|0x0000000671400000, 0x0000000671400000, 0x0000000671800000|  0%| F|  |TAMS 0x0000000671400000| PB 0x0000000671400000| Untracked 
| 454|0x0000000671800000, 0x0000000671800000, 0x0000000671c00000|  0%| F|  |TAMS 0x0000000671800000| PB 0x0000000671800000| Untracked 
| 455|0x0000000671c00000, 0x0000000671c00000, 0x0000000672000000|  0%| F|  |TAMS 0x0000000671c00000| PB 0x0000000671c00000| Untracked 
| 456|0x0000000672000000, 0x0000000672000000, 0x0000000672400000|  0%| F|  |TAMS 0x0000000672000000| PB 0x0000000672000000| Untracked 
| 457|0x0000000672400000, 0x0000000672400000, 0x0000000672800000|  0%| F|  |TAMS 0x0000000672400000| PB 0x0000000672400000| Untracked 
| 458|0x0000000672800000, 0x0000000672800000, 0x0000000672c00000|  0%| F|  |TAMS 0x0000000672800000| PB 0x0000000672800000| Untracked 
| 459|0x0000000672c00000, 0x0000000672c00000, 0x0000000673000000|  0%| F|  |TAMS 0x0000000672c00000| PB 0x0000000672c00000| Untracked 
| 460|0x0000000673000000, 0x0000000673000000, 0x0000000673400000|  0%| F|  |TAMS 0x0000000673000000| PB 0x0000000673000000| Untracked 
| 461|0x0000000673400000, 0x0000000673400000, 0x0000000673800000|  0%| F|  |TAMS 0x0000000673400000| PB 0x0000000673400000| Untracked 
| 462|0x0000000673800000, 0x0000000673800000, 0x0000000673c00000|  0%| F|  |TAMS 0x0000000673800000| PB 0x0000000673800000| Untracked 
| 463|0x0000000673c00000, 0x0000000673c00000, 0x0000000674000000|  0%| F|  |TAMS 0x0000000673c00000| PB 0x0000000673c00000| Untracked 
| 464|0x0000000674000000, 0x0000000674000000, 0x0000000674400000|  0%| F|  |TAMS 0x0000000674000000| PB 0x0000000674000000| Untracked 
| 465|0x0000000674400000, 0x0000000674400000, 0x0000000674800000|  0%| F|  |TAMS 0x0000000674400000| PB 0x0000000674400000| Untracked 
| 466|0x0000000674800000, 0x0000000674800000, 0x0000000674c00000|  0%| F|  |TAMS 0x0000000674800000| PB 0x0000000674800000| Untracked 
| 467|0x0000000674c00000, 0x0000000674c00000, 0x0000000675000000|  0%| F|  |TAMS 0x0000000674c00000| PB 0x0000000674c00000| Untracked 
| 468|0x0000000675000000, 0x0000000675000000, 0x0000000675400000|  0%| F|  |TAMS 0x0000000675000000| PB 0x0000000675000000| Untracked 
| 469|0x0000000675400000, 0x0000000675400000, 0x0000000675800000|  0%| F|  |TAMS 0x0000000675400000| PB 0x0000000675400000| Untracked 
| 470|0x0000000675800000, 0x0000000675800000, 0x0000000675c00000|  0%| F|  |TAMS 0x0000000675800000| PB 0x0000000675800000| Untracked 
| 471|0x0000000675c00000, 0x0000000675c00000, 0x0000000676000000|  0%| F|  |TAMS 0x0000000675c00000| PB 0x0000000675c00000| Untracked 
| 472|0x0000000676000000, 0x0000000676000000, 0x0000000676400000|  0%| F|  |TAMS 0x0000000676000000| PB 0x0000000676000000| Untracked 
| 473|0x0000000676400000, 0x0000000676400000, 0x0000000676800000|  0%| F|  |TAMS 0x0000000676400000| PB 0x0000000676400000| Untracked 
| 474|0x0000000676800000, 0x0000000676800000, 0x0000000676c00000|  0%| F|  |TAMS 0x0000000676800000| PB 0x0000000676800000| Untracked 
| 475|0x0000000676c00000, 0x0000000676c00000, 0x0000000677000000|  0%| F|  |TAMS 0x0000000676c00000| PB 0x0000000676c00000| Untracked 
| 476|0x0000000677000000, 0x0000000677000000, 0x0000000677400000|  0%| F|  |TAMS 0x0000000677000000| PB 0x0000000677000000| Untracked 
| 477|0x0000000677400000, 0x0000000677400000, 0x0000000677800000|  0%| F|  |TAMS 0x0000000677400000| PB 0x0000000677400000| Untracked 
| 478|0x0000000677800000, 0x0000000677800000, 0x0000000677c00000|  0%| F|  |TAMS 0x0000000677800000| PB 0x0000000677800000| Untracked 
| 479|0x0000000677c00000, 0x0000000677c00000, 0x0000000678000000|  0%| F|  |TAMS 0x0000000677c00000| PB 0x0000000677c00000| Untracked 
| 480|0x0000000678000000, 0x0000000678000000, 0x0000000678400000|  0%| F|  |TAMS 0x0000000678000000| PB 0x0000000678000000| Untracked 
| 481|0x0000000678400000, 0x0000000678400000, 0x0000000678800000|  0%| F|  |TAMS 0x0000000678400000| PB 0x0000000678400000| Untracked 
| 482|0x0000000678800000, 0x0000000678800000, 0x0000000678c00000|  0%| F|  |TAMS 0x0000000678800000| PB 0x0000000678800000| Untracked 
| 483|0x0000000678c00000, 0x0000000678c00000, 0x0000000679000000|  0%| F|  |TAMS 0x0000000678c00000| PB 0x0000000678c00000| Untracked 
| 484|0x0000000679000000, 0x0000000679400000, 0x0000000679400000|100%| S|CS|TAMS 0x0000000679000000| PB 0x0000000679000000| Complete 
| 485|0x0000000679400000, 0x0000000679800000, 0x0000000679800000|100%| S|CS|TAMS 0x0000000679400000| PB 0x0000000679400000| Complete 
| 486|0x0000000679800000, 0x0000000679c00000, 0x0000000679c00000|100%| S|CS|TAMS 0x0000000679800000| PB 0x0000000679800000| Complete 
| 487|0x0000000679c00000, 0x000000067a000000, 0x000000067a000000|100%| S|CS|TAMS 0x0000000679c00000| PB 0x0000000679c00000| Complete 
| 488|0x000000067a000000, 0x000000067a400000, 0x000000067a400000|100%| S|CS|TAMS 0x000000067a000000| PB 0x000000067a000000| Complete 
| 489|0x000000067a400000, 0x000000067a400000, 0x000000067a800000|  0%| F|  |TAMS 0x000000067a400000| PB 0x000000067a400000| Untracked 
| 490|0x000000067a800000, 0x000000067a800000, 0x000000067ac00000|  0%| F|  |TAMS 0x000000067a800000| PB 0x000000067a800000| Untracked 
| 491|0x000000067ac00000, 0x000000067ac00000, 0x000000067b000000|  0%| F|  |TAMS 0x000000067ac00000| PB 0x000000067ac00000| Untracked 
| 492|0x000000067b000000, 0x000000067b000000, 0x000000067b400000|  0%| F|  |TAMS 0x000000067b000000| PB 0x000000067b000000| Untracked 
| 493|0x000000067b400000, 0x000000067b400000, 0x000000067b800000|  0%| F|  |TAMS 0x000000067b400000| PB 0x000000067b400000| Untracked 
| 494|0x000000067b800000, 0x000000067b800000, 0x000000067bc00000|  0%| F|  |TAMS 0x000000067b800000| PB 0x000000067b800000| Untracked 
| 495|0x000000067bc00000, 0x000000067bc00000, 0x000000067c000000|  0%| F|  |TAMS 0x000000067bc00000| PB 0x000000067bc00000| Untracked 
| 496|0x000000067c000000, 0x000000067c000000, 0x000000067c400000|  0%| F|  |TAMS 0x000000067c000000| PB 0x000000067c000000| Untracked 
| 497|0x000000067c400000, 0x000000067c400000, 0x000000067c800000|  0%| F|  |TAMS 0x000000067c400000| PB 0x000000067c400000| Untracked 
| 498|0x000000067c800000, 0x000000067c800000, 0x000000067cc00000|  0%| F|  |TAMS 0x000000067c800000| PB 0x000000067c800000| Untracked 
| 499|0x000000067cc00000, 0x000000067cc00000, 0x000000067d000000|  0%| F|  |TAMS 0x000000067cc00000| PB 0x000000067cc00000| Untracked 
| 500|0x000000067d000000, 0x000000067d000000, 0x000000067d400000|  0%| F|  |TAMS 0x000000067d000000| PB 0x000000067d000000| Untracked 
| 501|0x000000067d400000, 0x000000067d400000, 0x000000067d800000|  0%| F|  |TAMS 0x000000067d400000| PB 0x000000067d400000| Untracked 
| 502|0x000000067d800000, 0x000000067d800000, 0x000000067dc00000|  0%| F|  |TAMS 0x000000067d800000| PB 0x000000067d800000| Untracked 
| 503|0x000000067dc00000, 0x000000067dc00000, 0x000000067e000000|  0%| F|  |TAMS 0x000000067dc00000| PB 0x000000067dc00000| Untracked 
| 504|0x000000067e000000, 0x000000067e000000, 0x000000067e400000|  0%| F|  |TAMS 0x000000067e000000| PB 0x000000067e000000| Untracked 
| 505|0x000000067e400000, 0x000000067e400000, 0x000000067e800000|  0%| F|  |TAMS 0x000000067e400000| PB 0x000000067e400000| Untracked 
| 506|0x000000067e800000, 0x000000067e800000, 0x000000067ec00000|  0%| F|  |TAMS 0x000000067e800000| PB 0x000000067e800000| Untracked 
| 507|0x000000067ec00000, 0x000000067ec00000, 0x000000067f000000|  0%| F|  |TAMS 0x000000067ec00000| PB 0x000000067ec00000| Untracked 
| 508|0x000000067f000000, 0x000000067f000000, 0x000000067f400000|  0%| F|  |TAMS 0x000000067f000000| PB 0x000000067f000000| Untracked 
| 509|0x000000067f400000, 0x000000067f400000, 0x000000067f800000|  0%| F|  |TAMS 0x000000067f400000| PB 0x000000067f400000| Untracked 
| 510|0x000000067f800000, 0x000000067f800000, 0x000000067fc00000|  0%| F|  |TAMS 0x000000067f800000| PB 0x000000067f800000| Untracked 
| 511|0x000000067fc00000, 0x000000067fc00000, 0x0000000680000000|  0%| F|  |TAMS 0x000000067fc00000| PB 0x000000067fc00000| Untracked 
| 512|0x0000000680000000, 0x0000000680000000, 0x0000000680400000|  0%| F|  |TAMS 0x0000000680000000| PB 0x0000000680000000| Untracked 
| 513|0x0000000680400000, 0x000000068060fe48, 0x0000000680800000| 51%| E|  |TAMS 0x0000000680400000| PB 0x0000000680400000| Complete 
| 514|0x0000000680800000, 0x0000000680c00000, 0x0000000680c00000|100%| E|CS|TAMS 0x0000000680800000| PB 0x0000000680800000| Complete 
| 515|0x0000000680c00000, 0x0000000681000000, 0x0000000681000000|100%| E|CS|TAMS 0x0000000680c00000| PB 0x0000000680c00000| Complete 
| 516|0x0000000681000000, 0x0000000681400000, 0x0000000681400000|100%| E|CS|TAMS 0x0000000681000000| PB 0x0000000681000000| Complete 
| 517|0x0000000681400000, 0x0000000681800000, 0x0000000681800000|100%| E|CS|TAMS 0x0000000681400000| PB 0x0000000681400000| Complete 
| 518|0x0000000681800000, 0x0000000681c00000, 0x0000000681c00000|100%| E|CS|TAMS 0x0000000681800000| PB 0x0000000681800000| Complete 
| 519|0x0000000681c00000, 0x0000000682000000, 0x0000000682000000|100%| E|CS|TAMS 0x0000000681c00000| PB 0x0000000681c00000| Complete 
| 520|0x0000000682000000, 0x0000000682400000, 0x0000000682400000|100%| E|CS|TAMS 0x0000000682000000| PB 0x0000000682000000| Complete 
|2041|0x00000007fe400000, 0x00000007fe800000, 0x00000007fe800000|100%| E|CS|TAMS 0x00000007fe400000| PB 0x00000007fe400000| Complete 
|2042|0x00000007fe800000, 0x00000007fec00000, 0x00000007fec00000|100%| E|CS|TAMS 0x00000007fe800000| PB 0x00000007fe800000| Complete 
|2043|0x00000007fec00000, 0x00000007ff000000, 0x00000007ff000000|100%| E|CS|TAMS 0x00000007fec00000| PB 0x00000007fec00000| Complete 
|2044|0x00000007ff000000, 0x00000007ff400000, 0x00000007ff400000|100%| O|  |TAMS 0x00000007ff000000| PB 0x00000007ff000000| Untracked 
|2045|0x00000007ff400000, 0x00000007ff800000, 0x00000007ff800000|100%| O|  |TAMS 0x00000007ff400000| PB 0x00000007ff400000| Untracked 
|2046|0x00000007ff800000, 0x00000007ffc00000, 0x00000007ffc00000|100%| E|CS|TAMS 0x00000007ff800000| PB 0x00000007ff800000| Complete 
|2047|0x00000007ffc00000, 0x0000000800000000, 0x0000000800000000|100%| O|  |TAMS 0x00000007ffc00000| PB 0x00000007ffc00000| Untracked 

Card table byte_map: [0x0000027de41a0000,0x0000027de51a0000] _byte_map_base: 0x0000027de11a0000

Marking Bits: (CMBitMap*) 0x0000027ddfaec720
 Bits: [0x0000027de51a0000, 0x0000027ded1a0000)

Polling page: 0x0000027ddf170000

Metaspace:

Usage:
  Non-class:    113.39 MB used.
      Class:     18.08 MB used.
       Both:    131.47 MB used.

Virtual space:
  Non-class space:      128.00 MB reserved,     115.00 MB ( 90%) committed,  2 nodes.
      Class space:        1.00 GB reserved,      19.56 MB (  2%) committed,  1 nodes.
             Both:        1.12 GB reserved,     134.56 MB ( 12%) committed. 

Chunk freelists:
   Non-Class:  12.16 MB
       Class:  12.45 MB
        Both:  24.61 MB

MaxMetaspaceSize: 4.00 GB
CompressedClassSpaceSize: 1.00 GB
Initial GC threshold: 21.00 MB
Current GC threshold: 223.12 MB
CDS: on
 - commit_granule_bytes: 65536.
 - commit_granule_words: 8192.
 - virtual_space_node_default_size: 8388608.
 - enlarge_chunks_in_place: 1.
 - use_allocation_guard: 0.


Internal statistics:

num_allocs_failed_limit: 9.
num_arena_births: 5454.
num_arena_deaths: 0.
num_vsnodes_births: 3.
num_vsnodes_deaths: 0.
num_space_committed: 2153.
num_space_uncommitted: 0.
num_chunks_returned_to_freelist: 9.
num_chunks_taken_from_freelist: 12250.
num_chunk_merges: 3.
num_chunk_splits: 7738.
num_chunks_enlarged: 4683.
num_inconsistent_stats: 0.

CodeHeap 'non-profiled nmethods': size=259264Kb used=18939Kb max_used=20058Kb free=240325Kb
 bounds [0x0000027d902d0000, 0x0000027d91670000, 0x0000027da0000000]
CodeHeap 'profiled nmethods': size=259264Kb used=37269Kb max_used=41651Kb free=221994Kb
 bounds [0x0000027d80000000, 0x0000027d82940000, 0x0000027d8fd30000]
CodeHeap 'non-nmethods': size=5760Kb used=3131Kb max_used=3180Kb free=2628Kb
 bounds [0x0000027d8fd30000, 0x0000027d90060000, 0x0000027d902d0000]
CodeCache: size=524288Kb, used=59339Kb, max_used=64889Kb, free=464947Kb
 total_blobs=19452, nmethods=18355, adapters=999, full_count=0
Compilation: enabled, stopped_count=0, restarted_count=0

Compilation events (20 events):
Event: 3246.501 Thread 0x0000027ded35f6b0 29111       3       groovy.lang.MetaClassImpl::fillMethodIndex (190 bytes)
Event: 3246.504 Thread 0x0000027ded35f6b0 nmethod 29111 0x0000027d80dd6210 code [0x0000027d80dd6580, 0x0000027d80dd7cc8]
Event: 3246.509 Thread 0x0000027ded35f6b0 29112       3       groovy.lang.MetaClassImpl::inheritStaticInterfaceFields (126 bytes)
Event: 3246.510 Thread 0x0000027ded35bef0 nmethod 29104 0x0000027d907d2590 code [0x0000027d907d27a0, 0x0000027d907d31e8]
Event: 3246.510 Thread 0x0000027ded35bef0 29105 %     4       org.gradle.internal.instantiation.generator.AbstractClassGenerator::inspectType @ 77 (602 bytes)
Event: 3246.511 Thread 0x0000027ded35f6b0 nmethod 29112 0x0000027d803c0a90 code [0x0000027d803c0e20, 0x0000027d803c2ab8]
Event: 3246.513 Thread 0x0000027ded35f6b0 29113       3       org.codehaus.groovy.runtime.callsite.CallSiteArray::createCallCurrentSite (112 bytes)
Event: 3246.515 Thread 0x0000027ded35f6b0 nmethod 29113 0x0000027d80f01010 code [0x0000027d80f012a0, 0x0000027d80f02170]
Event: 3246.548 Thread 0x0000027ded35f6b0 29114       3       groovy.lang.MetaClassImpl::<init> (204 bytes)
Event: 3246.553 Thread 0x0000027ded35f6b0 nmethod 29114 0x0000027d8103ca10 code [0x0000027d8103ce40, 0x0000027d8103f7e0]
Event: 3246.553 Thread 0x0000027ded35f6b0 29115       3       groovy.lang.MetaArrayLengthProperty::<init> (10 bytes)
Event: 3246.553 Thread 0x0000027ded35f6b0 nmethod 29115 0x0000027d80b76390 code [0x0000027d80b76540, 0x0000027d80b767f0]
Event: 3246.577 Thread 0x0000027ded35f6b0 29116       3       groovy.lang.MetaClassImpl::<init> (8 bytes)
Event: 3246.578 Thread 0x0000027ded35f6b0 nmethod 29116 0x0000027d811ba390 code [0x0000027d811ba580, 0x0000027d811bac60]
Event: 3246.578 Thread 0x0000027ded35f6b0 29117       3       groovy.lang.MetaClassImpl::<init> (30 bytes)
Event: 3246.579 Thread 0x0000027ded35f6b0 nmethod 29117 0x0000027d80754f10 code [0x0000027d80755100, 0x0000027d80755768]
Event: 3246.648 Thread 0x0000027ded35f6b0 29118       3       org.gradle.plugins.ide.api.XmlFileContentMerger::<init> (10 bytes)
Event: 3246.650 Thread 0x0000027ded35f6b0 nmethod 29118 0x0000027d81289990 code [0x0000027d81289ba0, 0x0000027d8128a320]
Event: 3246.651 Thread 0x0000027ded35f6b0 29119       1       org.gradle.model.internal.type.WildcardTypeWrapper::hashCode (5 bytes)
Event: 3246.651 Thread 0x0000027ded35f6b0 nmethod 29119 0x0000027d9079f010 code [0x0000027d9079f1a0, 0x0000027d9079f268]

GC Heap History (20 events):
Event: 3152.410 GC heap before
{Heap before GC invocations=94 (full 0):
 garbage-first heap   total 1114112K, used 400960K [0x0000000600000000, 0x0000000800000000)
  region size 4096K, 13 young (53248K), 1 survivors (4096K)
 Metaspace       used 128060K, committed 131136K, reserved 1179648K
  class space    used 17729K, committed 19200K, reserved 1048576K
}
Event: 3152.523 GC heap after
{Heap after GC invocations=95 (full 0):
 garbage-first heap   total 1114112K, used 342800K [0x0000000600000000, 0x0000000800000000)
  region size 4096K, 2 young (8192K), 2 survivors (8192K)
 Metaspace       used 128060K, committed 131136K, reserved 1179648K
  class space    used 17729K, committed 19200K, reserved 1048576K
}
Event: 3155.806 GC heap before
{Heap before GC invocations=95 (full 0):
 garbage-first heap   total 1114112K, used 387856K [0x0000000600000000, 0x0000000800000000)
  region size 4096K, 13 young (53248K), 2 survivors (8192K)
 Metaspace       used 128112K, committed 131264K, reserved 1179648K
  class space    used 17729K, committed 19264K, reserved 1048576K
}
Event: 3155.841 GC heap after
{Heap after GC invocations=96 (full 0):
 garbage-first heap   total 1114112K, used 335159K [0x0000000600000000, 0x0000000800000000)
  region size 4096K, 2 young (8192K), 2 survivors (8192K)
 Metaspace       used 128112K, committed 131264K, reserved 1179648K
  class space    used 17729K, committed 19264K, reserved 1048576K
}
Event: 3156.637 GC heap before
{Heap before GC invocations=96 (full 0):
 garbage-first heap   total 1114112K, used 380215K [0x0000000600000000, 0x0000000800000000)
  region size 4096K, 13 young (53248K), 2 survivors (8192K)
 Metaspace       used 128120K, committed 131264K, reserved 1179648K
  class space    used 17729K, committed 19264K, reserved 1048576K
}
Event: 3156.655 GC heap after
{Heap after GC invocations=97 (full 0):
 garbage-first heap   total 1114112K, used 325470K [0x0000000600000000, 0x0000000800000000)
  region size 4096K, 1 young (4096K), 1 survivors (4096K)
 Metaspace       used 128120K, committed 131264K, reserved 1179648K
  class space    used 17729K, committed 19264K, reserved 1048576K
}
Event: 3161.231 GC heap before
{Heap before GC invocations=97 (full 0):
 garbage-first heap   total 1114112K, used 395102K [0x0000000600000000, 0x0000000800000000)
  region size 4096K, 18 young (73728K), 1 survivors (4096K)
 Metaspace       used 128225K, committed 131328K, reserved 1179648K
  class space    used 17729K, committed 19264K, reserved 1048576K
}
Event: 3161.267 GC heap after
{Heap after GC invocations=98 (full 0):
 garbage-first heap   total 1114112K, used 320761K [0x0000000600000000, 0x0000000800000000)
  region size 4096K, 3 young (12288K), 3 survivors (12288K)
 Metaspace       used 128225K, committed 131328K, reserved 1179648K
  class space    used 17729K, committed 19264K, reserved 1048576K
}
Event: 3162.592 GC heap before
{Heap before GC invocations=98 (full 0):
 garbage-first heap   total 1114112K, used 361721K [0x0000000600000000, 0x0000000800000000)
  region size 4096K, 13 young (53248K), 3 survivors (12288K)
 Metaspace       used 128317K, committed 131456K, reserved 1179648K
  class space    used 17730K, committed 19264K, reserved 1048576K
}
Event: 3162.647 GC heap after
{Heap after GC invocations=99 (full 0):
 garbage-first heap   total 1114112K, used 318663K [0x0000000600000000, 0x0000000800000000)
  region size 4096K, 2 young (8192K), 2 survivors (8192K)
 Metaspace       used 128317K, committed 131456K, reserved 1179648K
  class space    used 17730K, committed 19264K, reserved 1048576K
}
Event: 3163.914 GC heap before
{Heap before GC invocations=99 (full 0):
 garbage-first heap   total 1114112K, used 363719K [0x0000000600000000, 0x0000000800000000)
  region size 4096K, 13 young (53248K), 2 survivors (8192K)
 Metaspace       used 128322K, committed 131456K, reserved 1179648K
  class space    used 17730K, committed 19264K, reserved 1048576K
}
Event: 3163.961 GC heap after
{Heap after GC invocations=100 (full 0):
 garbage-first heap   total 1114112K, used 312567K [0x0000000600000000, 0x0000000800000000)
  region size 4096K, 2 young (8192K), 2 survivors (8192K)
 Metaspace       used 128322K, committed 131456K, reserved 1179648K
  class space    used 17730K, committed 19264K, reserved 1048576K
}
Event: 3237.966 GC heap before
{Heap before GC invocations=100 (full 0):
 garbage-first heap   total 1114112K, used 734455K [0x0000000600000000, 0x0000000800000000)
  region size 4096K, 106 young (434176K), 2 survivors (8192K)
 Metaspace       used 133893K, committed 137024K, reserved 1179648K
  class space    used 18442K, committed 19968K, reserved 1048576K
}
Event: 3238.335 GC heap after
{Heap after GC invocations=101 (full 0):
 garbage-first heap   total 1114112K, used 341478K [0x0000000600000000, 0x0000000800000000)
  region size 4096K, 9 young (36864K), 9 survivors (36864K)
 Metaspace       used 133893K, committed 137024K, reserved 1179648K
  class space    used 18442K, committed 19968K, reserved 1048576K
}
Event: 3240.894 GC heap before
{Heap before GC invocations=102 (full 0):
 garbage-first heap   total 1081344K, used 333286K [0x0000000600000000, 0x0000000800000000)
  region size 4096K, 13 young (53248K), 9 survivors (36864K)
 Metaspace       used 133949K, committed 137088K, reserved 1179648K
  class space    used 18445K, committed 19968K, reserved 1048576K
}
Event: 3240.963 GC heap after
{Heap after GC invocations=103 (full 0):
 garbage-first heap   total 1081344K, used 321299K [0x0000000600000000, 0x0000000800000000)
  region size 4096K, 2 young (8192K), 2 survivors (8192K)
 Metaspace       used 133949K, committed 137088K, reserved 1179648K
  class space    used 18445K, committed 19968K, reserved 1048576K
}
Event: 3243.052 GC heap before
{Heap before GC invocations=103 (full 0):
 garbage-first heap   total 1081344K, used 456467K [0x0000000600000000, 0x0000000800000000)
  region size 4096K, 35 young (143360K), 2 survivors (8192K)
 Metaspace       used 134079K, committed 137216K, reserved 1179648K
  class space    used 18457K, committed 19968K, reserved 1048576K
}
Event: 3243.110 GC heap after
{Heap after GC invocations=104 (full 0):
 garbage-first heap   total 2162688K, used 316558K [0x0000000600000000, 0x0000000800000000)
  region size 4096K, 3 young (12288K), 3 survivors (12288K)
 Metaspace       used 134079K, committed 137216K, reserved 1179648K
  class space    used 18457K, committed 19968K, reserved 1048576K
}
Event: 3245.804 GC heap before
{Heap before GC invocations=104 (full 0):
 garbage-first heap   total 2162688K, used 464014K [0x0000000600000000, 0x0000000800000000)
  region size 4096K, 39 young (159744K), 3 survivors (12288K)
 Metaspace       used 134486K, committed 137664K, reserved 1179648K
  class space    used 18495K, committed 20032K, reserved 1048576K
}
Event: 3245.843 GC heap after
{Heap after GC invocations=105 (full 0):
 garbage-first heap   total 2162688K, used 320802K [0x0000000600000000, 0x0000000800000000)
  region size 4096K, 5 young (20480K), 5 survivors (20480K)
 Metaspace       used 134486K, committed 137664K, reserved 1179648K
  class space    used 18495K, committed 20032K, reserved 1048576K
}

Dll operation events (14 events):
Event: 0.064 Loaded shared library C:\Users\Samir Khadka\.antigravity\extensions\redhat.java-1.50.0-win32-x64\jre\21.0.9-win32-x86_64\bin\java.dll
Event: 0.297 Loaded shared library C:\Users\Samir Khadka\.antigravity\extensions\redhat.java-1.50.0-win32-x64\jre\21.0.9-win32-x86_64\bin\zip.dll
Event: 0.329 Loaded shared library C:\Users\Samir Khadka\.antigravity\extensions\redhat.java-1.50.0-win32-x64\jre\21.0.9-win32-x86_64\bin\instrument.dll
Event: 0.344 Loaded shared library C:\Users\Samir Khadka\.antigravity\extensions\redhat.java-1.50.0-win32-x64\jre\21.0.9-win32-x86_64\bin\net.dll
Event: 0.350 Loaded shared library C:\Users\Samir Khadka\.antigravity\extensions\redhat.java-1.50.0-win32-x64\jre\21.0.9-win32-x86_64\bin\nio.dll
Event: 0.399 Loaded shared library C:\Users\Samir Khadka\.antigravity\extensions\redhat.java-1.50.0-win32-x64\jre\21.0.9-win32-x86_64\bin\zip.dll
Event: 1.174 Loaded shared library C:\Users\Samir Khadka\.antigravity\extensions\redhat.java-1.50.0-win32-x64\jre\21.0.9-win32-x86_64\bin\jimage.dll
Event: 1.657 Loaded shared library C:\Users\Samir Khadka\.antigravity\extensions\redhat.java-1.50.0-win32-x64\jre\21.0.9-win32-x86_64\bin\verify.dll
Event: 2.134 Loaded shared library C:\Users\Samir Khadka\.gradle\native\1def1411415f61bf3af743bc5b6707747c0891f09f0c88961ee8f79bc544acac\windows-amd64\native-platform.dll
Event: 2.169 Loaded shared library C:\Users\Samir Khadka\.gradle\native\0.2.7\x86_64-windows-gnu\gradle-fileevents.dll
Event: 5.055 Loaded shared library C:\Users\Samir Khadka\.antigravity\extensions\redhat.java-1.50.0-win32-x64\jre\21.0.9-win32-x86_64\bin\management.dll
Event: 5.060 Loaded shared library C:\Users\Samir Khadka\.antigravity\extensions\redhat.java-1.50.0-win32-x64\jre\21.0.9-win32-x86_64\bin\management_ext.dll
Event: 5.409 Loaded shared library C:\Users\Samir Khadka\.antigravity\extensions\redhat.java-1.50.0-win32-x64\jre\21.0.9-win32-x86_64\bin\extnet.dll
Event: 6.185 Loaded shared library C:\Users\Samir Khadka\.antigravity\extensions\redhat.java-1.50.0-win32-x64\jre\21.0.9-win32-x86_64\bin\sunmscapi.dll

Deoptimization events (20 events):
Event: 3242.983 Thread 0x0000027e3540f020 Uncommon trap: trap_request=0xffffff66 fr.pc=0x0000027d906b9860 relative=0x0000000000000140
Event: 3242.983 Thread 0x0000027e3540f020 Uncommon trap: reason=speculate_class_check action=maybe_recompile pc=0x0000027d906b9860 method=com.google.gson.internal.$Gson$Types.resolve(Ljava/lang/reflect/Type;Ljava/lang/Class;Ljava/lang/reflect/Type;Ljava/util/Map;)Ljava/lang/reflect/Type; @ 155 c2
Event: 3242.983 Thread 0x0000027e3540f020 DEOPT PACKING pc=0x0000027d906b9860 sp=0x0000009190cf5600
Event: 3242.983 Thread 0x0000027e3540f020 DEOPT UNPACKING pc=0x0000027d8fd87ba2 sp=0x0000009190cf5568 mode 2
Event: 3243.260 Thread 0x0000027e3540f020 Uncommon trap: trap_request=0xffffffbe fr.pc=0x0000027d912cc320 relative=0x0000000000000d60
Event: 3243.260 Thread 0x0000027e3540f020 Uncommon trap: reason=profile_predicate action=maybe_recompile pc=0x0000027d912cc320 method=org.gradle.api.internal.artifacts.ivyservice.ivyresolve.strategy.StaticVersionComparator.compare(Lorg/gradle/api/internal/artifacts/ivyservice/ivyresolve/strategy/
Event: 3243.260 Thread 0x0000027e3540f020 DEOPT PACKING pc=0x0000027d912cc320 sp=0x0000009190cf7b70
Event: 3243.260 Thread 0x0000027e3540f020 DEOPT UNPACKING pc=0x0000027d8fd87ba2 sp=0x0000009190cf7ab8 mode 2
Event: 3243.262 Thread 0x0000027e3540f020 Uncommon trap: trap_request=0xffffffbe fr.pc=0x0000027d912cc320 relative=0x0000000000000d60
Event: 3243.262 Thread 0x0000027e3540f020 Uncommon trap: reason=profile_predicate action=maybe_recompile pc=0x0000027d912cc320 method=org.gradle.api.internal.artifacts.ivyservice.ivyresolve.strategy.StaticVersionComparator.compare(Lorg/gradle/api/internal/artifacts/ivyservice/ivyresolve/strategy/
Event: 3243.262 Thread 0x0000027e3540f020 DEOPT PACKING pc=0x0000027d912cc320 sp=0x0000009190cf7b70
Event: 3243.262 Thread 0x0000027e3540f020 DEOPT UNPACKING pc=0x0000027d8fd87ba2 sp=0x0000009190cf7ab8 mode 2
Event: 3243.262 Thread 0x0000027e3540f020 Uncommon trap: trap_request=0xffffffbe fr.pc=0x0000027d912cc320 relative=0x0000000000000d60
Event: 3243.262 Thread 0x0000027e3540f020 Uncommon trap: reason=profile_predicate action=maybe_recompile pc=0x0000027d912cc320 method=org.gradle.api.internal.artifacts.ivyservice.ivyresolve.strategy.StaticVersionComparator.compare(Lorg/gradle/api/internal/artifacts/ivyservice/ivyresolve/strategy/
Event: 3243.262 Thread 0x0000027e3540f020 DEOPT PACKING pc=0x0000027d912cc320 sp=0x0000009190cf7b70
Event: 3243.262 Thread 0x0000027e3540f020 DEOPT UNPACKING pc=0x0000027d8fd87ba2 sp=0x0000009190cf7ab8 mode 2
Event: 3243.262 Thread 0x0000027e3540f020 Uncommon trap: trap_request=0xffffffbe fr.pc=0x0000027d912cc320 relative=0x0000000000000d60
Event: 3243.262 Thread 0x0000027e3540f020 Uncommon trap: reason=profile_predicate action=maybe_recompile pc=0x0000027d912cc320 method=org.gradle.api.internal.artifacts.ivyservice.ivyresolve.strategy.StaticVersionComparator.compare(Lorg/gradle/api/internal/artifacts/ivyservice/ivyresolve/strategy/
Event: 3243.262 Thread 0x0000027e3540f020 DEOPT PACKING pc=0x0000027d912cc320 sp=0x0000009190cf7b70
Event: 3243.262 Thread 0x0000027e3540f020 DEOPT UNPACKING pc=0x0000027d8fd87ba2 sp=0x0000009190cf7ab8 mode 2

Classes loaded (20 events):
Event: 3227.870 Loading class com/sun/crypto/provider/GaloisCounterMode$EncryptOp
Event: 3227.871 Loading class com/sun/crypto/provider/GaloisCounterMode$EncryptOp done
Event: 3227.872 Loading class javax/net/ssl/SSLEngineResult$HandshakeStatus
Event: 3227.872 Loading class javax/net/ssl/SSLEngineResult$HandshakeStatus done
Event: 3227.888 Loading class jdk/internal/event/TLSHandshakeEvent
Event: 3227.889 Loading class jdk/internal/event/TLSHandshakeEvent done
Event: 3228.145 Loading class sun/security/ssl/PostHandshakeContext
Event: 3228.146 Loading class sun/security/ssl/PostHandshakeContext done
Event: 3228.150 Loading class sun/security/ssl/NewSessionTicket$T13NewSessionTicketMessage
Event: 3228.151 Loading class sun/security/ssl/NewSessionTicket$NewSessionTicketMessage
Event: 3228.154 Loading class sun/security/ssl/NewSessionTicket$NewSessionTicketMessage done
Event: 3228.154 Loading class sun/security/ssl/NewSessionTicket$T13NewSessionTicketMessage done
Event: 3228.466 Loading class java/text/CalendarBuilder
Event: 3228.468 Loading class java/text/CalendarBuilder done
Event: 3238.347 Loading class sun/security/ssl/Alert
Event: 3238.349 Loading class sun/security/ssl/Alert done
Event: 3238.352 Loading class sun/security/ssl/Alert$AlertConsumer
Event: 3238.353 Loading class sun/security/ssl/Alert$AlertConsumer done
Event: 3238.353 Loading class sun/security/ssl/Alert$Level
Event: 3238.354 Loading class sun/security/ssl/Alert$Level done

Classes unloaded (0 events):
No events

Classes redefined (0 events):
No events

Internal exceptions (20 events):
Event: 3238.808 Thread 0x0000027e3540f020 Exception <a 'sun/nio/fs/WindowsException'{0x00000007ff9a8ee0}> (0x00000007ff9a8ee0) 
thrown [s\src\hotspot\share\prims\jni.cpp, line 520]
Event: 3241.636 Thread 0x0000027e3b10f3c0 Exception <a 'sun/nio/fs/WindowsException'{0x000000063e6cce38}> (0x000000063e6cce38) 
thrown [s\src\hotspot\share\prims\jni.cpp, line 520]
Event: 3241.637 Thread 0x0000027e3b10f3c0 Exception <a 'sun/nio/fs/WindowsException'{0x000000063e6cead8}> (0x000000063e6cead8) 
thrown [s\src\hotspot\share\prims\jni.cpp, line 520]
Event: 3241.637 Thread 0x0000027e3b10f3c0 Exception <a 'sun/nio/fs/WindowsException'{0x000000063e6d06c8}> (0x000000063e6d06c8) 
thrown [s\src\hotspot\share\prims\jni.cpp, line 520]
Event: 3241.637 Thread 0x0000027e3b10f3c0 Exception <a 'sun/nio/fs/WindowsException'{0x000000063e6d1ff0}> (0x000000063e6d1ff0) 
thrown [s\src\hotspot\share\prims\jni.cpp, line 520]
Event: 3241.643 Thread 0x0000027e3b10f3c0 Exception <a 'sun/nio/fs/WindowsException'{0x000000063e6f6170}> (0x000000063e6f6170) 
thrown [s\src\hotspot\share\prims\jni.cpp, line 520]
Event: 3241.644 Thread 0x0000027e3b10f3c0 Exception <a 'sun/nio/fs/WindowsException'{0x000000063e6f7df8}> (0x000000063e6f7df8) 
thrown [s\src\hotspot\share\prims\jni.cpp, line 520]
Event: 3241.644 Thread 0x0000027e3b10f3c0 Exception <a 'sun/nio/fs/WindowsException'{0x000000063e6f9728}> (0x000000063e6f9728) 
thrown [s\src\hotspot\share\prims\jni.cpp, line 520]
Event: 3243.539 Thread 0x0000027e3540f020 Exception <a 'java/lang/ClassNotFoundException'{0x00000006817c2070}: build_35m7rfx0ocfoz3dey4xuxvaj9BeanInfo> (0x00000006817c2070) 
thrown [s\src\hotspot\share\classfile\systemDictionary.cpp, line 312]
Event: 3243.542 Thread 0x0000027e3540f020 Exception <a 'java/lang/ClassNotFoundException'{0x00000006817c9360}: build_35m7rfx0ocfoz3dey4xuxvaj9Customizer> (0x00000006817c9360) 
thrown [s\src\hotspot\share\classfile\systemDictionary.cpp, line 312]
Event: 3243.936 Thread 0x0000027e3540f020 Exception <a 'java/lang/ClassNotFoundException'{0x00000006804c6c88}: build_35m7rfx0ocfoz3dey4xuxvaj9$_run_closure2BeanInfo> (0x00000006804c6c88) 
thrown [s\src\hotspot\share\classfile\systemDictionary.cpp, line 312]
Event: 3243.939 Thread 0x0000027e3540f020 Exception <a 'java/lang/ClassNotFoundException'{0x00000006804cfbc8}: build_35m7rfx0ocfoz3dey4xuxvaj9$_run_closure2Customizer> (0x00000006804cfbc8) 
thrown [s\src\hotspot\share\classfile\systemDictionary.cpp, line 312]
Event: 3244.719 Thread 0x0000027e3540f020 Exception <a 'java/lang/ClassNotFoundException'{0x000000067d3c5448}: build_4x2hwle0bb22hskwdifayclc8BeanInfo> (0x000000067d3c5448) 
thrown [s\src\hotspot\share\classfile\systemDictionary.cpp, line 312]
Event: 3244.722 Thread 0x0000027e3540f020 Exception <a 'java/lang/ClassNotFoundException'{0x000000067d3ccf48}: build_4x2hwle0bb22hskwdifayclc8Customizer> (0x000000067d3ccf48) 
thrown [s\src\hotspot\share\classfile\systemDictionary.cpp, line 312]
Event: 3245.375 Thread 0x0000027e3540f020 Exception <a 'java/lang/ClassNotFoundException'{0x000000067b09fa40}: build_cww5jofpr207f97opv8au3qhbBeanInfo> (0x000000067b09fa40) 
thrown [s\src\hotspot\share\classfile\systemDictionary.cpp, line 312]
Event: 3245.377 Thread 0x0000027e3540f020 Exception <a 'java/lang/ClassNotFoundException'{0x000000067b0a7540}: build_cww5jofpr207f97opv8au3qhbCustomizer> (0x000000067b0a7540) 
thrown [s\src\hotspot\share\classfile\systemDictionary.cpp, line 312]
Event: 3245.947 Thread 0x0000027e3540f020 Exception <a 'java/lang/ClassNotFoundException'{0x00000007fe95e618}: build_1j6rodaqszxgzl7rh8nttz5btBeanInfo> (0x00000007fe95e618) 
thrown [s\src\hotspot\share\classfile\systemDictionary.cpp, line 312]
Event: 3245.948 Thread 0x0000027e3540f020 Exception <a 'java/lang/ClassNotFoundException'{0x00000007fe966118}: build_1j6rodaqszxgzl7rh8nttz5btCustomizer> (0x00000007fe966118) 
thrown [s\src\hotspot\share\classfile\systemDictionary.cpp, line 312]
Event: 3246.506 Thread 0x0000027e3540f020 Exception <a 'java/lang/ClassNotFoundException'{0x0000000680e06640}: build_6tjtab6ncy4xrw40pzfpwftftBeanInfo> (0x0000000680e06640) 
thrown [s\src\hotspot\share\classfile\systemDictionary.cpp, line 312]
Event: 3246.508 Thread 0x0000027e3540f020 Exception <a 'java/lang/ClassNotFoundException'{0x0000000680e0e140}: build_6tjtab6ncy4xrw40pzfpwftftCustomizer> (0x0000000680e0e140) 
thrown [s\src\hotspot\share\classfile\systemDictionary.cpp, line 312]

ZGC Phase Switch (0 events):
No events

VM Operations (20 events):
Event: 3240.894 Executing VM operation: G1CollectForAllocation (G1 Evacuation Pause)
Event: 3240.963 Executing VM operation: G1CollectForAllocation (G1 Evacuation Pause) done
Event: 3241.964 Executing VM operation: Cleanup
Event: 3241.965 Executing VM operation: Cleanup done
Event: 3242.973 Executing VM operation: Cleanup
Event: 3242.974 Executing VM operation: Cleanup done
Event: 3243.052 Executing VM operation: G1CollectForAllocation (G1 Evacuation Pause)
Event: 3243.110 Executing VM operation: G1CollectForAllocation (G1 Evacuation Pause) done
Event: 3244.111 Executing VM operation: Cleanup
Event: 3244.111 Executing VM operation: Cleanup done
Event: 3245.121 Executing VM operation: Cleanup
Event: 3245.122 Executing VM operation: Cleanup done
Event: 3245.804 Executing VM operation: G1CollectForAllocation (G1 Evacuation Pause)
Event: 3245.844 Executing VM operation: G1CollectForAllocation (G1 Evacuation Pause) done
Event: 3246.851 Executing VM operation: Cleanup
Event: 3246.851 Executing VM operation: Cleanup done
Event: 3247.430 Executing VM operation: HandshakeAllThreads (HandshakeForDeflation)
Event: 3247.431 Executing VM operation: HandshakeAllThreads (HandshakeForDeflation) done
Event: 3247.431 Executing VM operation: RendezvousGCThreads
Event: 3247.431 Executing VM operation: RendezvousGCThreads done

Memory protections (0 events):
No events

Nmethod flushes (20 events):
Event: 3240.689 Thread 0x0000027ded3317f0 flushing  nmethod 0x0000027d81a6ab90
Event: 3240.689 Thread 0x0000027ded3317f0 flushing  nmethod 0x0000027d81a6fe10
Event: 3240.689 Thread 0x0000027ded3317f0 flushing  nmethod 0x0000027d81a84390
Event: 3240.689 Thread 0x0000027ded3317f0 flushing  nmethod 0x0000027d81a84990
Event: 3240.689 Thread 0x0000027ded3317f0 flushing  nmethod 0x0000027d81a85610
Event: 3240.689 Thread 0x0000027ded3317f0 flushing  nmethod 0x0000027d81a85d90
Event: 3240.689 Thread 0x0000027ded3317f0 flushing  nmethod 0x0000027d81a88290
Event: 3240.689 Thread 0x0000027ded3317f0 flushing  nmethod 0x0000027d81ae3010
Event: 3240.689 Thread 0x0000027ded3317f0 flushing  nmethod 0x0000027d81ae5390
Event: 3240.689 Thread 0x0000027ded3317f0 flushing  nmethod 0x0000027d81aec390
Event: 3240.689 Thread 0x0000027ded3317f0 flushing  nmethod 0x0000027d81b47a90
Event: 3240.689 Thread 0x0000027ded3317f0 flushing  nmethod 0x0000027d81b47e10
Event: 3240.689 Thread 0x0000027ded3317f0 flushing  nmethod 0x0000027d81b49490
Event: 3240.689 Thread 0x0000027ded3317f0 flushing  nmethod 0x0000027d81ba9990
Event: 3240.689 Thread 0x0000027ded3317f0 flushing  nmethod 0x0000027d81bacb90
Event: 3240.689 Thread 0x0000027ded3317f0 flushing  nmethod 0x0000027d81bb0910
Event: 3240.689 Thread 0x0000027ded3317f0 flushing  nmethod 0x0000027d81d57790
Event: 3240.689 Thread 0x0000027ded3317f0 flushing  nmethod 0x0000027d81e38d90
Event: 3240.689 Thread 0x0000027ded3317f0 flushing osr nmethod 0x0000027d82080910
Event: 3240.689 Thread 0x0000027ded3317f0 flushing osr nmethod 0x0000027d82083c10

Events (20 events):
Event: 3244.523 Thread 0x0000027e3540f020 Thread added: 0x0000027e3a972520
Event: 3244.524 Thread 0x0000027e3540f020 Thread added: 0x0000027e3a972bb0
Event: 3244.524 Thread 0x0000027e3540f020 Thread added: 0x0000027e3a971e90
Event: 3244.524 Thread 0x0000027e3540f020 Thread added: 0x0000027e3a973240
Event: 3244.598 Thread 0x0000027e3540f020 Thread added: 0x0000027e3a970450
Event: 3244.598 Thread 0x0000027e3540f020 Thread added: 0x0000027e3a9738d0
Event: 3244.602 Thread 0x0000027e3540f020 Thread added: 0x0000027e3a971170
Event: 3244.604 Thread 0x0000027e3540f020 Thread added: 0x0000027e3a971800
Event: 3244.605 Thread 0x0000027e3540f020 Thread added: 0x0000027e3a970ae0
Event: 3244.605 Thread 0x0000027e3540f020 Thread added: 0x0000027e3a976030
Event: 3244.605 Thread 0x0000027e3540f020 Thread added: 0x0000027e3a9766c0
Event: 3245.274 Thread 0x0000027e3540f020 Thread added: 0x0000027e3a976d50
Event: 3245.275 Thread 0x0000027e3540f020 Thread added: 0x0000027e3a9773e0
Event: 3245.275 Thread 0x0000027e3540f020 Thread added: 0x0000027e3a977a70
Event: 3245.275 Thread 0x0000027e3540f020 Thread added: 0x0000027e3a9745f0
Event: 3245.276 Thread 0x0000027e3540f020 Thread added: 0x0000027e3a975310
Event: 3245.276 Thread 0x0000027e3540f020 Thread added: 0x0000027e3a208ef0
Event: 3245.276 Thread 0x0000027e3540f020 Thread added: 0x0000027e3a2074b0
Event: 3245.560 Thread 0x0000027e3b112840 Thread exited: 0x0000027e3b112840
Event: 3245.851 Thread 0x0000027e3540f020 Thread added: 0x0000027e3a209c10


Dynamic libraries:
0x00007ff687bd0000 - 0x00007ff687bde000 	C:\Users\Samir Khadka\.antigravity\extensions\redhat.java-1.50.0-win32-x64\jre\21.0.9-win32-x86_64\bin\java.exe
0x00007ff919300000 - 0x00007ff919568000 	C:\WINDOWS\SYSTEM32\ntdll.dll
0x00007ff9174e0000 - 0x00007ff9175a9000 	C:\WINDOWS\System32\KERNEL32.DLL
0x00007ff916580000 - 0x00007ff916972000 	C:\WINDOWS\System32\KERNELBASE.dll
0x00007ff916ee0000 - 0x00007ff91702b000 	C:\WINDOWS\System32\ucrtbase.dll
0x00007ff8e39e0000 - 0x00007ff8e39fe000 	C:\Users\Samir Khadka\.antigravity\extensions\redhat.java-1.50.0-win32-x64\jre\21.0.9-win32-x86_64\bin\VCRUNTIME140.dll
0x00007ff8e39c0000 - 0x00007ff8e39d8000 	C:\Users\Samir Khadka\.antigravity\extensions\redhat.java-1.50.0-win32-x64\jre\21.0.9-win32-x86_64\bin\jli.dll
0x00007ff919020000 - 0x00007ff9191e5000 	C:\WINDOWS\System32\USER32.dll
0x00007ff916490000 - 0x00007ff9164b7000 	C:\WINDOWS\System32\win32u.dll
0x00007ff9173f0000 - 0x00007ff91741b000 	C:\WINDOWS\System32\GDI32.dll
0x00007ff916d20000 - 0x00007ff916e4d000 	C:\WINDOWS\System32\gdi32full.dll
0x00007ff916b00000 - 0x00007ff916ba3000 	C:\WINDOWS\System32\msvcp_win.dll
0x00007ff8f8210000 - 0x00007ff8f84a3000 	C:\WINDOWS\WinSxS\amd64_microsoft.windows.common-controls_6595b64144ccf1df_6.0.26100.6899_none_3e0efeeae32e88c1\COMCTL32.dll
0x00007ff917dc0000 - 0x00007ff917e69000 	C:\WINDOWS\System32\msvcrt.dll
0x00007ff9174a0000 - 0x00007ff9174cf000 	C:\WINDOWS\System32\IMM32.DLL
0x00007ff90ef90000 - 0x00007ff90ef9c000 	C:\Users\Samir Khadka\.antigravity\extensions\redhat.java-1.50.0-win32-x64\jre\21.0.9-win32-x86_64\bin\vcruntime140_1.dll
0x00007ff8d84d0000 - 0x00007ff8d855d000 	C:\Users\Samir Khadka\.antigravity\extensions\redhat.java-1.50.0-win32-x64\jre\21.0.9-win32-x86_64\bin\msvcp140.dll
0x00007ff8b8ac0000 - 0x00007ff8b9860000 	C:\Users\Samir Khadka\.antigravity\extensions\redhat.java-1.50.0-win32-x64\jre\21.0.9-win32-x86_64\bin\server\jvm.dll
0x00007ff9191f0000 - 0x00007ff9192a4000 	C:\WINDOWS\System32\ADVAPI32.dll
0x00007ff918010000 - 0x00007ff9180b6000 	C:\WINDOWS\System32\sechost.dll
0x00007ff917ca0000 - 0x00007ff917db8000 	C:\WINDOWS\System32\RPCRT4.dll
0x00007ff9170d0000 - 0x00007ff917144000 	C:\WINDOWS\System32\WS2_32.dll
0x00007ff9162f0000 - 0x00007ff91634e000 	C:\WINDOWS\SYSTEM32\POWRPROF.dll
0x00007ff90c760000 - 0x00007ff90c795000 	C:\WINDOWS\SYSTEM32\WINMM.dll
0x00007ff90eaa0000 - 0x00007ff90eaab000 	C:\WINDOWS\SYSTEM32\VERSION.dll
0x00007ff9162d0000 - 0x00007ff9162e4000 	C:\WINDOWS\SYSTEM32\UMPDC.dll
0x00007ff915220000 - 0x00007ff91523b000 	C:\WINDOWS\SYSTEM32\kernel.appcore.dll
0x00007ff906880000 - 0x00007ff90688a000 	C:\Users\Samir Khadka\.antigravity\extensions\redhat.java-1.50.0-win32-x64\jre\21.0.9-win32-x86_64\bin\jimage.dll
0x00007ff913af0000 - 0x00007ff913d32000 	C:\WINDOWS\SYSTEM32\DBGHELP.DLL
0x00007ff918160000 - 0x00007ff9184db000 	C:\WINDOWS\System32\combase.dll
0x00007ff917e70000 - 0x00007ff917f47000 	C:\WINDOWS\System32\OLEAUT32.dll
0x00007ff8faf00000 - 0x00007ff8faf3c000 	C:\WINDOWS\SYSTEM32\dbgcore.DLL
0x00007ff917030000 - 0x00007ff9170c8000 	C:\WINDOWS\System32\bcryptPrimitives.dll
0x00007ff8fad50000 - 0x00007ff8fad5f000 	C:\Users\Samir Khadka\.antigravity\extensions\redhat.java-1.50.0-win32-x64\jre\21.0.9-win32-x86_64\bin\instrument.dll
0x00007ff8e39a0000 - 0x00007ff8e39c0000 	C:\Users\Samir Khadka\.antigravity\extensions\redhat.java-1.50.0-win32-x64\jre\21.0.9-win32-x86_64\bin\java.dll
0x00007ff9185e0000 - 0x00007ff918d2d000 	C:\WINDOWS\System32\SHELL32.dll
0x00007ff916bb0000 - 0x00007ff916d1b000 	C:\WINDOWS\System32\wintypes.dll
0x00007ff9140a0000 - 0x00007ff9148fd000 	C:\WINDOWS\SYSTEM32\windows.storage.dll
0x00007ff917710000 - 0x00007ff917802000 	C:\WINDOWS\System32\SHCORE.dll
0x00007ff9172f0000 - 0x00007ff917352000 	C:\WINDOWS\System32\shlwapi.dll
0x00007ff9163b0000 - 0x00007ff9163d9000 	C:\WINDOWS\SYSTEM32\profapi.dll
0x00007ff8e3980000 - 0x00007ff8e3998000 	C:\Users\Samir Khadka\.antigravity\extensions\redhat.java-1.50.0-win32-x64\jre\21.0.9-win32-x86_64\bin\zip.dll
0x00007ff905830000 - 0x00007ff905840000 	C:\Users\Samir Khadka\.antigravity\extensions\redhat.java-1.50.0-win32-x64\jre\21.0.9-win32-x86_64\bin\net.dll
0x00007ff90e830000 - 0x00007ff90e94f000 	C:\WINDOWS\SYSTEM32\WINHTTP.dll
0x00007ff915770000 - 0x00007ff9157db000 	C:\WINDOWS\system32\mswsock.dll
0x00007ff8e3960000 - 0x00007ff8e3976000 	C:\Users\Samir Khadka\.antigravity\extensions\redhat.java-1.50.0-win32-x64\jre\21.0.9-win32-x86_64\bin\nio.dll
0x00007ff8f9c10000 - 0x00007ff8f9c20000 	C:\Users\Samir Khadka\.antigravity\extensions\redhat.java-1.50.0-win32-x64\jre\21.0.9-win32-x86_64\bin\verify.dll
0x00007ff8d07c0000 - 0x00007ff8d07e7000 	C:\Users\Samir Khadka\.gradle\native\1def1411415f61bf3af743bc5b6707747c0891f09f0c88961ee8f79bc544acac\windows-amd64\native-platform.dll
0x00007ff8c7c00000 - 0x00007ff8c7c78000 	C:\Users\Samir Khadka\.gradle\native\0.2.7\x86_64-windows-gnu\gradle-fileevents.dll
0x00007ff8f85a0000 - 0x00007ff8f85aa000 	C:\Users\Samir Khadka\.antigravity\extensions\redhat.java-1.50.0-win32-x64\jre\21.0.9-win32-x86_64\bin\management.dll
0x00007ff8f8190000 - 0x00007ff8f819c000 	C:\Users\Samir Khadka\.antigravity\extensions\redhat.java-1.50.0-win32-x64\jre\21.0.9-win32-x86_64\bin\management_ext.dll
0x00007ff918140000 - 0x00007ff918148000 	C:\WINDOWS\System32\PSAPI.DLL
0x00007ff914c70000 - 0x00007ff914ca4000 	C:\WINDOWS\SYSTEM32\IPHLPAPI.DLL
0x00007ff918130000 - 0x00007ff91813a000 	C:\WINDOWS\System32\NSI.dll
0x00007ff8faf60000 - 0x00007ff8faf69000 	C:\Users\Samir Khadka\.antigravity\extensions\redhat.java-1.50.0-win32-x64\jre\21.0.9-win32-x86_64\bin\extnet.dll
0x00007ff915b50000 - 0x00007ff915b6b000 	C:\WINDOWS\SYSTEM32\CRYPTSP.dll
0x00007ff915180000 - 0x00007ff9151bb000 	C:\WINDOWS\system32\rsaenh.dll
0x00007ff915810000 - 0x00007ff91583b000 	C:\WINDOWS\SYSTEM32\USERENV.dll
0x00007ff916380000 - 0x00007ff9163a6000 	C:\WINDOWS\SYSTEM32\bcrypt.dll
0x00007ff915b30000 - 0x00007ff915b3c000 	C:\WINDOWS\SYSTEM32\CRYPTBASE.dll
0x00007ff8f4d60000 - 0x00007ff8f4d6e000 	C:\Users\Samir Khadka\.antigravity\extensions\redhat.java-1.50.0-win32-x64\jre\21.0.9-win32-x86_64\bin\sunmscapi.dll
0x00007ff916980000 - 0x00007ff916af7000 	C:\WINDOWS\System32\CRYPT32.dll
0x00007ff915ca0000 - 0x00007ff915cd0000 	C:\WINDOWS\SYSTEM32\ncrypt.dll
0x00007ff915c50000 - 0x00007ff915c8f000 	C:\WINDOWS\SYSTEM32\NTASN1.dll
0x00007ff8f2e60000 - 0x00007ff8f2e68000 	C:\WINDOWS\system32\wshunix.dll
0x00007ff8f1830000 - 0x00007ff8f1848000 	C:\WINDOWS\system32\napinsp.dll
0x00007ff914d10000 - 0x00007ff914e36000 	C:\WINDOWS\SYSTEM32\DNSAPI.dll
0x00007ff8f1810000 - 0x00007ff8f1822000 	C:\WINDOWS\System32\winrnr.dll
0x00007ff8f17e0000 - 0x00007ff8f1808000 	C:\WINDOWS\system32\nlansp_c.dll
0x00007ff906310000 - 0x00007ff906326000 	C:\WINDOWS\system32\wshbth.dll
0x00007ff90c120000 - 0x00007ff90c12b000 	C:\Windows\System32\rasadhlp.dll
0x00007ff90f2e0000 - 0x00007ff90f366000 	C:\WINDOWS\System32\fwpuclnt.dll
0x00007ff915340000 - 0x00007ff915376000 	C:\WINDOWS\SYSTEM32\ntmarta.dll

JVMTI agents:
C:\Users\Samir Khadka\.gradle\wrapper\dists\gradle-8.14-all\c2qonpi39x1mddn7hk5gh9iqj\gradle-8.14\lib\agents\gradle-instrumentation-agent-8.14.jar path:C:\Users\Samir Khadka\.antigravity\extensions\redhat.java-1.50.0-win32-x64\jre\21.0.9-win32-x86_64\bin\instrument.dll, loaded, initialized, instrumentlib options:none

dbghelp: loaded successfully - version: 4.0.5 - missing functions: none
symbol engine: initialized successfully - sym options: 0x614 - pdb path: .;C:\Users\Samir Khadka\.antigravity\extensions\redhat.java-1.50.0-win32-x64\jre\21.0.9-win32-x86_64\bin;C:\WINDOWS\SYSTEM32;C:\WINDOWS\WinSxS\amd64_microsoft.windows.common-controls_6595b64144ccf1df_6.0.26100.6899_none_3e0efeeae32e88c1;C:\Users\Samir Khadka\.antigravity\extensions\redhat.java-1.50.0-win32-x64\jre\21.0.9-win32-x86_64\bin\server;C:\Users\Samir Khadka\.gradle\native\1def1411415f61bf3af743bc5b6707747c0891f09f0c88961ee8f79bc544acac\windows-amd64;C:\Users\Samir Khadka\.gradle\native\0.2.7\x86_64-windows-gnu

VM Arguments:
jvm_args: --add-opens=java.base/java.lang=ALL-UNNAMED --add-opens=java.base/java.lang.invoke=ALL-UNNAMED --add-opens=java.base/java.util=ALL-UNNAMED --add-opens=java.prefs/java.util.prefs=ALL-UNNAMED --add-exports=jdk.compiler/com.sun.tools.javac.api=ALL-UNNAMED --add-exports=jdk.compiler/com.sun.tools.javac.util=ALL-UNNAMED --add-opens=java.base/java.util=ALL-UNNAMED --add-opens=java.prefs/java.util.prefs=ALL-UNNAMED --add-opens=java.base/java.nio.charset=ALL-UNNAMED --add-opens=java.base/java.net=ALL-UNNAMED --add-opens=java.base/java.util.concurrent.atomic=ALL-UNNAMED --add-opens=java.xml/javax.xml.namespace=ALL-UNNAMED -XX:MaxMetaspaceSize=4G -XX:ReservedCodeCacheSize=512m -XX:+HeapDumpOnOutOfMemoryError -Xmx8G -Dfile.encoding=UTF-8 -Duser.country=US -Duser.language=en -Duser.variant -javaagent:C:\Users\Samir Khadka\.gradle\wrapper\dists\gradle-8.14-all\c2qonpi39x1mddn7hk5gh9iqj\gradle-8.14\lib\agents\gradle-instrumentation-agent-8.14.jar 
java_command: org.gradle.launcher.daemon.bootstrap.GradleDaemon 8.14
java_class_path (initial): C:\Users\Samir Khadka\.gradle\wrapper\dists\gradle-8.14-all\c2qonpi39x1mddn7hk5gh9iqj\gradle-8.14\lib\gradle-daemon-main-8.14.jar
Launcher Type: SUN_STANDARD

[Global flags]
     intx CICompilerCount                          = 4                                         {product} {ergonomic}
     uint ConcGCThreads                            = 2                                         {product} {ergonomic}
     uint G1ConcRefinementThreads                  = 8                                         {product} {ergonomic}
   size_t G1HeapRegionSize                         = 4194304                                   {product} {ergonomic}
    uintx GCDrainStackTargetSize                   = 64                                        {product} {ergonomic}
     bool HeapDumpOnOutOfMemoryError               = true                                   {manageable} {command line}
   size_t InitialHeapSize                          = 130023424                                 {product} {ergonomic}
   size_t MarkStackSize                            = 4194304                                   {product} {ergonomic}
   size_t MaxHeapSize                              = 8589934592                                {product} {command line}
   size_t MaxMetaspaceSize                         = 4294967296                                {product} {command line}
   size_t MaxNewSize                               = 5150605312                                {product} {ergonomic}
   size_t MinHeapDeltaBytes                        = 4194304                                   {product} {ergonomic}
   size_t MinHeapSize                              = 8388608                                   {product} {ergonomic}
    uintx NonNMethodCodeHeapSize                   = 5839372                                {pd product} {ergonomic}
    uintx NonProfiledCodeHeapSize                  = 265515770                              {pd product} {ergonomic}
    uintx ProfiledCodeHeapSize                     = 265515770                              {pd product} {ergonomic}
    uintx ReservedCodeCacheSize                    = 536870912                              {pd product} {command line}
     bool SegmentedCodeCache                       = true                                      {product} {ergonomic}
   size_t SoftMaxHeapSize                          = 8589934592                             {manageable} {ergonomic}
     bool UseCompressedOops                        = true                           {product lp64_product} {ergonomic}
     bool UseG1GC                                  = true                                      {product} {ergonomic}
     bool UseLargePagesIndividualAllocation        = false                                  {pd product} {ergonomic}

Logging:
Log output configuration:
 #0: stdout all=warning uptime,level,tags foldmultilines=false
 #1: stderr all=off uptime,level,tags foldmultilines=false

Release file:
JAVA_VERSION="21.0.9" 
MODULES="java.base java.compiler java.datatransfer java.xml java.prefs java.desktop java.instrument java.logging java.management java.security.sasl java.naming java.rmi java.management.rmi java.net.http java.scripting java.security.jgss java.transaction.xa java.sql java.sql.rowset java.xml.crypto java.se java.smartcardio jdk.accessibility jdk.internal.jvmstat jdk.attach jdk.charsets jdk.internal.opt jdk.zipfs jdk.compiler jdk.crypto.ec jdk.crypto.cryptoki jdk.crypto.mscapi jdk.dynalink jdk.internal.ed jdk.editpad jdk.hotspot.agent jdk.httpserver jdk.internal.le jdk.internal.vm.ci jdk.internal.vm.compiler jdk.internal.vm.compiler.management jdk.jartool jdk.javadoc jdk.jcmd jdk.management jdk.management.agent jdk.jconsole jdk.jdeps jdk.jdwp.agent jdk.jdi jdk.jfr jdk.jshell jdk.jsobject jdk.jstatd jdk.localedata jdk.management.jfr jdk.naming.dns jdk.naming.rmi jdk.net jdk.nio.mapmode jdk.random jdk.sctp jdk.security.auth jdk.security.jgss jdk.unsupported jdk.unsupported.desktop jdk.xml.dom" 

Environment Variables:
PATH=C:\Program Files\Common Files\Oracle\Java\javapath;c:\Users\Samir Khadka\AppData\Local\Programs\cursor\resources\app\bin;C:\WINDOWS\system32;C:\WINDOWS;C:\WINDOWS\System32\Wbem;C:\WINDOWS\System32\WindowsPowerShell\v1.0\;C:\WINDOWS\System32\OpenSSH\;C:\Users\Samir Khadka\AppData\Local\Microsoft\WindowsApps;C:\WINDOWS\system32;C:\WINDOWS;C:\WINDOWS\System32\Wbem;C:\WINDOWS\System32\WindowsPowerShell\v1.0\;C:\WINDOWS\System32\OpenSSH\;C:\Program Files\Microsoft SQL Server\150\Tools\Binn\;C:\Program Files\Git\cmd;C:\Windows\Microsoft.NET\Framework64\v4.0.30319;C:\Program Files\dotnet\;C:\Program Files\nodejs\;C:\Program Files\Amazon\AWSCLIV2\;C:\Program Files\Kubernetes\Minikube;C:\flutter;C:\Users\Samir Khadka\AppData\Local\Pub\Cache\bin;;C:\Program Files\Docker\Docker\resources\bin;C:\Users\Samir Khadka\AppData\Local\Programs\Python\Python39\Scripts\;C:\Users\Samir Khadka\AppData\Local\Programs\Python\Python39\;C:\Users\Samir Khadka\AppData\Local\Microsoft\WindowsApps;C:\Users\Samir Khadka\AppData\Local\Programs\Microsoft VS Code\bin;C:\Users\Samir Khadka\.dotnet\tools;C:\Users\Samir Khadka\AppData\Roaming\npm;C:\Users\YourUser\AppData\Local\Programs\Python\Python311\Scripts;C:\Users\Samir Khadka\AppData\Local\Programs\Antigravity\bin
USERNAME=Samir Khadka
OS=Windows_NT
PROCESSOR_IDENTIFIER=Intel64 Family 6 Model 140 Stepping 1, GenuineIntel
TMP=C:\Users\SAMIRK~1\AppData\Local\Temp
TEMP=C:\Users\SAMIRK~1\AppData\Local\Temp




Periodic native trim disabled

---------------  S Y S T E M  ---------------

OS:
 Windows 11 , 64 bit Build 26100 (10.0.26100.6725)
OS uptime: 8 days 10:53 hours
Hyper-V role detected

CPU: total 8 (initial active 8) (4 cores per cpu, 2 threads per core) family 6 model 140 stepping 1 microcode 0xbc, cx8, cmov, fxsr, ht, mmx, 3dnowpref, sse, sse2, sse3, ssse3, sse4.1, sse4.2, popcnt, lzcnt, tsc, tscinvbit, avx, avx2, aes, erms, clmul, bmi1, bmi2, adx, avx512f, avx512dq, avx512cd, avx512bw, avx512vl, sha, fma, vzeroupper, avx512_vpopcntdq, avx512_vpclmulqdq, avx512_vaes, avx512_vnni, clflush, clflushopt, clwb, avx512_vbmi2, avx512_vbmi, hv, rdtscp, rdpid, fsrm, gfni, avx512_bitalg, f16c, cet_ibt, cet_ss, avx512_ifma
Processor Information for processor 0
  Max Mhz: 2419, Current Mhz: 2419, Mhz Limit: 2419
Processor Information for processor 1
  Max Mhz: 2419, Current Mhz: 2419, Mhz Limit: 2419
Processor Information for processor 2
  Max Mhz: 2419, Current Mhz: 1209, Mhz Limit: 2419
Processor Information for processor 3
  Max Mhz: 2419, Current Mhz: 2419, Mhz Limit: 2419
Processor Information for processor 4
  Max Mhz: 2419, Current Mhz: 2419, Mhz Limit: 2419
Processor Information for processor 5
  Max Mhz: 2419, Current Mhz: 2419, Mhz Limit: 2419
Processor Information for processor 6
  Max Mhz: 2419, Current Mhz: 2419, Mhz Limit: 2419
Processor Information for processor 7
  Max Mhz: 2419, Current Mhz: 2419, Mhz Limit: 2419

Memory: 4k page, system-wide physical 7918M (156M free)
TotalPageFile size 29612M (AvailPageFile size 0M)
current process WorkingSet (physical memory assigned to process): 589M, peak: 791M
current process commit charge ("private bytes"): 2576M, peak: 2579M

vm_info: OpenJDK 64-Bit Server VM (21.0.9+10-LTS) for windows-amd64 JRE (21.0.9+10-LTS), built on 2025-10-21T00:00:00Z by "admin" with unknown MS VC++:1942

END.
